fiscal_year,item,10k_usd_millions,sec_api_usd_millions,difference,source_10k,section,page,url
2026,Revenue,46398.0,46398,0.0,FY2026 10-K,Consolidated Statements of Income,55,https://www.sec.gov/Archives/edgar/data/320187/000032018726000088/nke-20260531.htm
2025,Revenue,46309.0,46309,0.0,FY2026 10-K,Consolidated Statements of Income,55,https://www.sec.gov/Archives/edgar/data/320187/000032018726000088/nke-20260531.htm
2024,Revenue,51362.0,51362,0.0,FY2026 10-K,Consolidated Statements of Income,55,https://www.sec.gov/Archives/edgar/data/320187/000032018726000088/nke-20260531.htm
2026,Net income,3108.0,3108,0.0,FY2026 10-K,Consolidated Statements of Income,55,https://www.sec.gov/Archives/edgar/data/320187/000032018726000088/nke-20260531.htm
2025,Net income,3219.0,3219,0.0,FY2026 10-K,Consolidated Statements of Income,55,https://www.sec.gov/Archives/edgar/data/320187/000032018726000088/nke-20260531.htm
2024,Net income,5700.0,5700,0.0,FY2026 10-K,Consolidated Statements of Income,55,https://www.sec.gov/Archives/edgar/data/320187/000032018726000088/nke-20260531.htm
2019,Revenue,39117.0,39117,0.0,FY2019 10-K,Consolidated Statements of Income,51,https://www.sec.gov/Archives/edgar/data/320187/000032018719000051/nke-531201910k.htm
2018,Revenue,36397.0,36397,0.0,FY2019 10-K,Consolidated Statements of Income,51,https://www.sec.gov/Archives/edgar/data/320187/000032018719000051/nke-531201910k.htm
2017,Revenue,34350.0,34350,0.0,FY2019 10-K,Consolidated Statements of Income,51,https://www.sec.gov/Archives/edgar/data/320187/000032018719000051/nke-531201910k.htm
2019,Net income,4029.0,4029,0.0,FY2019 10-K,Consolidated Statements of Income,51,https://www.sec.gov/Archives/edgar/data/320187/000032018719000051/nke-531201910k.htm
2018,Net income,1933.0,1933,0.0,FY2019 10-K,Consolidated Statements of Income,51,https://www.sec.gov/Archives/edgar/data/320187/000032018719000051/nke-531201910k.htm
2017,Net income,4240.0,4240,0.0,FY2019 10-K,Consolidated Statements of Income,51,https://www.sec.gov/Archives/edgar/data/320187/000032018719000051/nke-531201910k.htm
