fiscal_year,segment,measure,value_usd_millions,source_10k,accession_number,filed,section,table,page,url
2017,APLA,Sales through direct to consumer (NIKE Direct),1106.0,FY2019 10-K,0000320187-19-000051,2019-07-23,Item 7 (MD&A),MD&A: Asia Pacific & Latin America revenue table,33,https://www.sec.gov/Archives/edgar/data/320187/000032018719000051/nke-531201910k.htm
2017,APLA,Sales to wholesale customers,3631.0,FY2019 10-K,0000320187-19-000051,2019-07-23,Item 7 (MD&A),MD&A: Asia Pacific & Latin America revenue table,33,https://www.sec.gov/Archives/edgar/data/320187/000032018719000051/nke-531201910k.htm
2017,APLA,Total revenues,4737.0,FY2019 10-K,0000320187-19-000051,2019-07-23,NOTE 17 — OPERATING SEGMENTS AND RELATED INFORMATION,Operating segments note: revenues by segment,83,https://www.sec.gov/Archives/edgar/data/320187/000032018719000051/nke-531201910k.htm
2017,Converse,Total revenues,2042.0,FY2019 10-K,0000320187-19-000051,2019-07-23,NOTE 17 — OPERATING SEGMENTS AND RELATED INFORMATION,Operating segments note: revenues by segment,83,https://www.sec.gov/Archives/edgar/data/320187/000032018719000051/nke-531201910k.htm
2017,Corporate,Total revenues,75.0,FY2019 10-K,0000320187-19-000051,2019-07-23,NOTE 17 — OPERATING SEGMENTS AND RELATED INFORMATION,Operating segments note: revenues by segment,83,https://www.sec.gov/Archives/edgar/data/320187/000032018719000051/nke-531201910k.htm
2017,EMEA,Sales through direct to consumer (NIKE Direct),2053.0,FY2019 10-K,0000320187-19-000051,2019-07-23,Item 7 (MD&A),"MD&A: Europe, Middle East & Africa revenue table",33,https://www.sec.gov/Archives/edgar/data/320187/000032018719000051/nke-531201910k.htm
2017,EMEA,Sales to wholesale customers,5917.0,FY2019 10-K,0000320187-19-000051,2019-07-23,Item 7 (MD&A),"MD&A: Europe, Middle East & Africa revenue table",33,https://www.sec.gov/Archives/edgar/data/320187/000032018719000051/nke-531201910k.htm
2017,EMEA,Total revenues,7970.0,FY2019 10-K,0000320187-19-000051,2019-07-23,NOTE 17 — OPERATING SEGMENTS AND RELATED INFORMATION,Operating segments note: revenues by segment,83,https://www.sec.gov/Archives/edgar/data/320187/000032018719000051/nke-531201910k.htm
2017,Global Brand Divisions,Total revenues,73.0,FY2019 10-K,0000320187-19-000051,2019-07-23,NOTE 17 — OPERATING SEGMENTS AND RELATED INFORMATION,Operating segments note: revenues by segment,83,https://www.sec.gov/Archives/edgar/data/320187/000032018719000051/nke-531201910k.htm
2017,Greater China,Sales through direct to consumer (NIKE Direct),1463.0,FY2019 10-K,0000320187-19-000051,2019-07-23,Item 7 (MD&A),MD&A: Greater China revenue table,33,https://www.sec.gov/Archives/edgar/data/320187/000032018719000051/nke-531201910k.htm
2017,Greater China,Sales to wholesale customers,2774.0,FY2019 10-K,0000320187-19-000051,2019-07-23,Item 7 (MD&A),MD&A: Greater China revenue table,33,https://www.sec.gov/Archives/edgar/data/320187/000032018719000051/nke-531201910k.htm
2017,Greater China,Total revenues,4237.0,FY2019 10-K,0000320187-19-000051,2019-07-23,NOTE 17 — OPERATING SEGMENTS AND RELATED INFORMATION,Operating segments note: revenues by segment,83,https://www.sec.gov/Archives/edgar/data/320187/000032018719000051/nke-531201910k.htm
2017,North America,Sales through direct to consumer (NIKE Direct),4460.0,FY2019 10-K,0000320187-19-000051,2019-07-23,Item 7 (MD&A),MD&A: North America revenue table,31,https://www.sec.gov/Archives/edgar/data/320187/000032018719000051/nke-531201910k.htm
2017,North America,Sales to wholesale customers,10756.0,FY2019 10-K,0000320187-19-000051,2019-07-23,Item 7 (MD&A),MD&A: North America revenue table,31,https://www.sec.gov/Archives/edgar/data/320187/000032018719000051/nke-531201910k.htm
2017,North America,Total revenues,15216.0,FY2019 10-K,0000320187-19-000051,2019-07-23,NOTE 17 — OPERATING SEGMENTS AND RELATED INFORMATION,Operating segments note: revenues by segment,83,https://www.sec.gov/Archives/edgar/data/320187/000032018719000051/nke-531201910k.htm
2017,Total NIKE Brand,Sales through direct to consumer (NIKE Direct),9082.0,FY2019 10-K,0000320187-19-000051,2019-07-23,Item 7 (MD&A),MD&A: Supplemental NIKE Brand Revenues Details,27,https://www.sec.gov/Archives/edgar/data/320187/000032018719000051/nke-531201910k.htm
2017,Total NIKE Brand,Sales to wholesale customers,23078.0,FY2019 10-K,0000320187-19-000051,2019-07-23,Item 7 (MD&A),MD&A: Supplemental NIKE Brand Revenues Details,27,https://www.sec.gov/Archives/edgar/data/320187/000032018719000051/nke-531201910k.htm
2017,Total NIKE Brand,Total revenues,32233.0,FY2019 10-K,0000320187-19-000051,2019-07-23,NOTE 17 — OPERATING SEGMENTS AND RELATED INFORMATION,Operating segments note: revenues by segment,83,https://www.sec.gov/Archives/edgar/data/320187/000032018719000051/nke-531201910k.htm
2017,"Total NIKE, Inc.",Total revenues,34350.0,FY2019 10-K,0000320187-19-000051,2019-07-23,NOTE 17 — OPERATING SEGMENTS AND RELATED INFORMATION,Operating segments note: revenues by segment,83,https://www.sec.gov/Archives/edgar/data/320187/000032018719000051/nke-531201910k.htm
2018,APLA,Sales through direct to consumer (NIKE Direct),1337.0,FY2020 10-K,0000320187-20-000047,2020-07-24,Item 7 (MD&A),MD&A: Asia Pacific & Latin America revenue table,39,https://www.sec.gov/Archives/edgar/data/320187/000032018720000047/nke-531202010k.htm
2018,APLA,Sales to wholesale customers,3829.0,FY2020 10-K,0000320187-20-000047,2020-07-24,Item 7 (MD&A),MD&A: Asia Pacific & Latin America revenue table,39,https://www.sec.gov/Archives/edgar/data/320187/000032018720000047/nke-531202010k.htm
2018,APLA,Total revenues,5166.0,FY2020 10-K,0000320187-20-000047,2020-07-24,NOTE 17 — OPERATING SEGMENTS AND RELATED INFORMATION,Operating segments note: revenues by segment,90,https://www.sec.gov/Archives/edgar/data/320187/000032018720000047/nke-531202010k.htm
2018,Converse,Sales through direct to consumer (NIKE Direct),473.0,FY2020 10-K,0000320187-20-000047,2020-07-24,Item 7 (MD&A),MD&A: Converse revenue table,40,https://www.sec.gov/Archives/edgar/data/320187/000032018720000047/nke-531202010k.htm
2018,Converse,Sales to wholesale customers,1310.0,FY2020 10-K,0000320187-20-000047,2020-07-24,Item 7 (MD&A),MD&A: Converse revenue table,40,https://www.sec.gov/Archives/edgar/data/320187/000032018720000047/nke-531202010k.htm
2018,Converse,Total revenues,1886.0,FY2020 10-K,0000320187-20-000047,2020-07-24,NOTE 17 — OPERATING SEGMENTS AND RELATED INFORMATION,Operating segments note: revenues by segment,90,https://www.sec.gov/Archives/edgar/data/320187/000032018720000047/nke-531202010k.htm
2018,Corporate,Total revenues,26.0,FY2020 10-K,0000320187-20-000047,2020-07-24,NOTE 17 — OPERATING SEGMENTS AND RELATED INFORMATION,Operating segments note: revenues by segment,90,https://www.sec.gov/Archives/edgar/data/320187/000032018720000047/nke-531202010k.htm
2018,EMEA,Sales through direct to consumer (NIKE Direct),2477.0,FY2020 10-K,0000320187-20-000047,2020-07-24,Item 7 (MD&A),"MD&A: Europe, Middle East & Africa revenue table",37,https://www.sec.gov/Archives/edgar/data/320187/000032018720000047/nke-531202010k.htm
2018,EMEA,Sales to wholesale customers,6765.0,FY2020 10-K,0000320187-20-000047,2020-07-24,Item 7 (MD&A),"MD&A: Europe, Middle East & Africa revenue table",37,https://www.sec.gov/Archives/edgar/data/320187/000032018720000047/nke-531202010k.htm
2018,EMEA,Total revenues,9242.0,FY2020 10-K,0000320187-20-000047,2020-07-24,NOTE 17 — OPERATING SEGMENTS AND RELATED INFORMATION,Operating segments note: revenues by segment,90,https://www.sec.gov/Archives/edgar/data/320187/000032018720000047/nke-531202010k.htm
2018,Global Brand Divisions,Total revenues,88.0,FY2020 10-K,0000320187-20-000047,2020-07-24,NOTE 17 — OPERATING SEGMENTS AND RELATED INFORMATION,Operating segments note: revenues by segment,90,https://www.sec.gov/Archives/edgar/data/320187/000032018720000047/nke-531202010k.htm
2018,Greater China,Sales through direct to consumer (NIKE Direct),1918.0,FY2020 10-K,0000320187-20-000047,2020-07-24,Item 7 (MD&A),MD&A: Greater China revenue table,38,https://www.sec.gov/Archives/edgar/data/320187/000032018720000047/nke-531202010k.htm
2018,Greater China,Sales to wholesale customers,3216.0,FY2020 10-K,0000320187-20-000047,2020-07-24,Item 7 (MD&A),MD&A: Greater China revenue table,38,https://www.sec.gov/Archives/edgar/data/320187/000032018720000047/nke-531202010k.htm
2018,Greater China,Total revenues,5134.0,FY2020 10-K,0000320187-20-000047,2020-07-24,NOTE 17 — OPERATING SEGMENTS AND RELATED INFORMATION,Operating segments note: revenues by segment,90,https://www.sec.gov/Archives/edgar/data/320187/000032018720000047/nke-531202010k.htm
2018,North America,Sales through direct to consumer (NIKE Direct),4696.0,FY2020 10-K,0000320187-20-000047,2020-07-24,Item 7 (MD&A),MD&A: North America revenue table,36,https://www.sec.gov/Archives/edgar/data/320187/000032018720000047/nke-531202010k.htm
2018,North America,Sales to wholesale customers,10159.0,FY2020 10-K,0000320187-20-000047,2020-07-24,Item 7 (MD&A),MD&A: North America revenue table,36,https://www.sec.gov/Archives/edgar/data/320187/000032018720000047/nke-531202010k.htm
2018,North America,Total revenues,14855.0,FY2020 10-K,0000320187-20-000047,2020-07-24,NOTE 17 — OPERATING SEGMENTS AND RELATED INFORMATION,Operating segments note: revenues by segment,90,https://www.sec.gov/Archives/edgar/data/320187/000032018720000047/nke-531202010k.htm
2018,Total NIKE Brand,Sales through direct to consumer (NIKE Direct),10428.0,FY2020 10-K,0000320187-20-000047,2020-07-24,Item 7 (MD&A),MD&A: Supplemental NIKE Brand Revenues Details,31,https://www.sec.gov/Archives/edgar/data/320187/000032018720000047/nke-531202010k.htm
2018,Total NIKE Brand,Sales to wholesale customers,23969.0,FY2020 10-K,0000320187-20-000047,2020-07-24,Item 7 (MD&A),MD&A: Supplemental NIKE Brand Revenues Details,31,https://www.sec.gov/Archives/edgar/data/320187/000032018720000047/nke-531202010k.htm
2018,Total NIKE Brand,Total revenues,34485.0,FY2020 10-K,0000320187-20-000047,2020-07-24,NOTE 17 — OPERATING SEGMENTS AND RELATED INFORMATION,Operating segments note: revenues by segment,90,https://www.sec.gov/Archives/edgar/data/320187/000032018720000047/nke-531202010k.htm
2018,"Total NIKE, Inc.",Total revenues,36397.0,FY2020 10-K,0000320187-20-000047,2020-07-24,NOTE 17 — OPERATING SEGMENTS AND RELATED INFORMATION,Operating segments note: revenues by segment,90,https://www.sec.gov/Archives/edgar/data/320187/000032018720000047/nke-531202010k.htm
2019,APLA,Sales through direct to consumer (NIKE Direct),1508.0,FY2021 10-K,0000320187-21-000028,2021-07-20,NOTE 16 — REVENUES,"Revenue disaggregation, year ended May 31, 2019",87,https://www.sec.gov/Archives/edgar/data/320187/000032018721000028/nke-20210531.htm
2019,APLA,Sales to wholesale customers,3746.0,FY2021 10-K,0000320187-21-000028,2021-07-20,NOTE 16 — REVENUES,"Revenue disaggregation, year ended May 31, 2019",87,https://www.sec.gov/Archives/edgar/data/320187/000032018721000028/nke-20210531.htm
2019,APLA,Total revenues,5254.0,FY2021 10-K,0000320187-21-000028,2021-07-20,NOTE 16 — REVENUES,"Revenue disaggregation, year ended May 31, 2019",87,https://www.sec.gov/Archives/edgar/data/320187/000032018721000028/nke-20210531.htm
2019,Converse,Sales through direct to consumer (NIKE Direct),553.0,FY2021 10-K,0000320187-21-000028,2021-07-20,NOTE 16 — REVENUES,"Revenue disaggregation, year ended May 31, 2019",87,https://www.sec.gov/Archives/edgar/data/320187/000032018721000028/nke-20210531.htm
2019,Converse,Sales to wholesale customers,1247.0,FY2021 10-K,0000320187-21-000028,2021-07-20,NOTE 16 — REVENUES,"Revenue disaggregation, year ended May 31, 2019",87,https://www.sec.gov/Archives/edgar/data/320187/000032018721000028/nke-20210531.htm
2019,Converse,Total revenues,1906.0,FY2021 10-K,0000320187-21-000028,2021-07-20,NOTE 16 — REVENUES,"Revenue disaggregation, year ended May 31, 2019",87,https://www.sec.gov/Archives/edgar/data/320187/000032018721000028/nke-20210531.htm
2019,Corporate,Sales through direct to consumer (NIKE Direct),0.0,FY2021 10-K,0000320187-21-000028,2021-07-20,NOTE 16 — REVENUES,"Revenue disaggregation, year ended May 31, 2019",87,https://www.sec.gov/Archives/edgar/data/320187/000032018721000028/nke-20210531.htm
2019,Corporate,Sales to wholesale customers,0.0,FY2021 10-K,0000320187-21-000028,2021-07-20,NOTE 16 — REVENUES,"Revenue disaggregation, year ended May 31, 2019",87,https://www.sec.gov/Archives/edgar/data/320187/000032018721000028/nke-20210531.htm
2019,Corporate,Total revenues,-7.0,FY2021 10-K,0000320187-21-000028,2021-07-20,NOTE 16 — REVENUES,"Revenue disaggregation, year ended May 31, 2019",87,https://www.sec.gov/Archives/edgar/data/320187/000032018721000028/nke-20210531.htm
2019,EMEA,Sales through direct to consumer (NIKE Direct),2736.0,FY2021 10-K,0000320187-21-000028,2021-07-20,NOTE 16 — REVENUES,"Revenue disaggregation, year ended May 31, 2019",87,https://www.sec.gov/Archives/edgar/data/320187/000032018721000028/nke-20210531.htm
2019,EMEA,Sales to wholesale customers,7076.0,FY2021 10-K,0000320187-21-000028,2021-07-20,NOTE 16 — REVENUES,"Revenue disaggregation, year ended May 31, 2019",87,https://www.sec.gov/Archives/edgar/data/320187/000032018721000028/nke-20210531.htm
2019,EMEA,Total revenues,9812.0,FY2021 10-K,0000320187-21-000028,2021-07-20,NOTE 16 — REVENUES,"Revenue disaggregation, year ended May 31, 2019",87,https://www.sec.gov/Archives/edgar/data/320187/000032018721000028/nke-20210531.htm
2019,Global Brand Divisions,Sales through direct to consumer (NIKE Direct),0.0,FY2021 10-K,0000320187-21-000028,2021-07-20,NOTE 16 — REVENUES,"Revenue disaggregation, year ended May 31, 2019",87,https://www.sec.gov/Archives/edgar/data/320187/000032018721000028/nke-20210531.htm
2019,Global Brand Divisions,Sales to wholesale customers,0.0,FY2021 10-K,0000320187-21-000028,2021-07-20,NOTE 16 — REVENUES,"Revenue disaggregation, year ended May 31, 2019",87,https://www.sec.gov/Archives/edgar/data/320187/000032018721000028/nke-20210531.htm
2019,Global Brand Divisions,Total revenues,42.0,FY2021 10-K,0000320187-21-000028,2021-07-20,NOTE 16 — REVENUES,"Revenue disaggregation, year ended May 31, 2019",87,https://www.sec.gov/Archives/edgar/data/320187/000032018721000028/nke-20210531.htm
2019,Greater China,Sales through direct to consumer (NIKE Direct),2482.0,FY2021 10-K,0000320187-21-000028,2021-07-20,NOTE 16 — REVENUES,"Revenue disaggregation, year ended May 31, 2019",87,https://www.sec.gov/Archives/edgar/data/320187/000032018721000028/nke-20210531.htm
2019,Greater China,Sales to wholesale customers,3726.0,FY2021 10-K,0000320187-21-000028,2021-07-20,NOTE 16 — REVENUES,"Revenue disaggregation, year ended May 31, 2019",87,https://www.sec.gov/Archives/edgar/data/320187/000032018721000028/nke-20210531.htm
2019,Greater China,Total revenues,6208.0,FY2021 10-K,0000320187-21-000028,2021-07-20,NOTE 16 — REVENUES,"Revenue disaggregation, year ended May 31, 2019",87,https://www.sec.gov/Archives/edgar/data/320187/000032018721000028/nke-20210531.htm
2019,North America,Sales through direct to consumer (NIKE Direct),5027.0,FY2021 10-K,0000320187-21-000028,2021-07-20,NOTE 16 — REVENUES,"Revenue disaggregation, year ended May 31, 2019",87,https://www.sec.gov/Archives/edgar/data/320187/000032018721000028/nke-20210531.htm
2019,North America,Sales to wholesale customers,10875.0,FY2021 10-K,0000320187-21-000028,2021-07-20,NOTE 16 — REVENUES,"Revenue disaggregation, year ended May 31, 2019",87,https://www.sec.gov/Archives/edgar/data/320187/000032018721000028/nke-20210531.htm
2019,North America,Total revenues,15902.0,FY2021 10-K,0000320187-21-000028,2021-07-20,NOTE 16 — REVENUES,"Revenue disaggregation, year ended May 31, 2019",87,https://www.sec.gov/Archives/edgar/data/320187/000032018721000028/nke-20210531.htm
2019,Total NIKE Brand,Sales through direct to consumer (NIKE Direct),11753.0,FY2021 10-K,0000320187-21-000028,2021-07-20,NOTE 16 — REVENUES,"Revenue disaggregation, year ended May 31, 2019",87,https://www.sec.gov/Archives/edgar/data/320187/000032018721000028/nke-20210531.htm
2019,Total NIKE Brand,Sales to wholesale customers,25423.0,FY2021 10-K,0000320187-21-000028,2021-07-20,NOTE 16 — REVENUES,"Revenue disaggregation, year ended May 31, 2019",87,https://www.sec.gov/Archives/edgar/data/320187/000032018721000028/nke-20210531.htm
2019,Total NIKE Brand,Total revenues,37218.0,FY2021 10-K,0000320187-21-000028,2021-07-20,NOTE 16 — REVENUES,"Revenue disaggregation, year ended May 31, 2019",87,https://www.sec.gov/Archives/edgar/data/320187/000032018721000028/nke-20210531.htm
2019,"Total NIKE, Inc.",Sales through direct to consumer (NIKE Direct),12306.0,FY2021 10-K,0000320187-21-000028,2021-07-20,NOTE 16 — REVENUES,"Revenue disaggregation, year ended May 31, 2019",87,https://www.sec.gov/Archives/edgar/data/320187/000032018721000028/nke-20210531.htm
2019,"Total NIKE, Inc.",Sales to wholesale customers,26670.0,FY2021 10-K,0000320187-21-000028,2021-07-20,NOTE 16 — REVENUES,"Revenue disaggregation, year ended May 31, 2019",87,https://www.sec.gov/Archives/edgar/data/320187/000032018721000028/nke-20210531.htm
2019,"Total NIKE, Inc.",Total revenues,39117.0,FY2021 10-K,0000320187-21-000028,2021-07-20,NOTE 16 — REVENUES,"Revenue disaggregation, year ended May 31, 2019",87,https://www.sec.gov/Archives/edgar/data/320187/000032018721000028/nke-20210531.htm
2020,APLA,Sales through direct to consumer (NIKE Direct),1620.0,FY2022 10-K,0000320187-22-000038,2022-07-21,NOTE 16 — REVENUES,"Revenue disaggregation, year ended May 31, 2020",86,https://www.sec.gov/Archives/edgar/data/320187/000032018722000038/nke-20220531.htm
2020,APLA,Sales to wholesale customers,3408.0,FY2022 10-K,0000320187-22-000038,2022-07-21,NOTE 16 — REVENUES,"Revenue disaggregation, year ended May 31, 2020",86,https://www.sec.gov/Archives/edgar/data/320187/000032018722000038/nke-20220531.htm
2020,APLA,Total revenues,5028.0,FY2022 10-K,0000320187-22-000038,2022-07-21,NOTE 16 — REVENUES,"Revenue disaggregation, year ended May 31, 2020",86,https://www.sec.gov/Archives/edgar/data/320187/000032018722000038/nke-20220531.htm
2020,Converse,Sales through direct to consumer (NIKE Direct),602.0,FY2022 10-K,0000320187-22-000038,2022-07-21,NOTE 16 — REVENUES,"Revenue disaggregation, year ended May 31, 2020",86,https://www.sec.gov/Archives/edgar/data/320187/000032018722000038/nke-20220531.htm
2020,Converse,Sales to wholesale customers,1154.0,FY2022 10-K,0000320187-22-000038,2022-07-21,NOTE 16 — REVENUES,"Revenue disaggregation, year ended May 31, 2020",86,https://www.sec.gov/Archives/edgar/data/320187/000032018722000038/nke-20220531.htm
2020,Converse,Total revenues,1846.0,FY2022 10-K,0000320187-22-000038,2022-07-21,NOTE 16 — REVENUES,"Revenue disaggregation, year ended May 31, 2020",86,https://www.sec.gov/Archives/edgar/data/320187/000032018722000038/nke-20220531.htm
2020,Corporate,Sales through direct to consumer (NIKE Direct),0.0,FY2022 10-K,0000320187-22-000038,2022-07-21,NOTE 16 — REVENUES,"Revenue disaggregation, year ended May 31, 2020",86,https://www.sec.gov/Archives/edgar/data/320187/000032018722000038/nke-20220531.htm
2020,Corporate,Sales to wholesale customers,0.0,FY2022 10-K,0000320187-22-000038,2022-07-21,NOTE 16 — REVENUES,"Revenue disaggregation, year ended May 31, 2020",86,https://www.sec.gov/Archives/edgar/data/320187/000032018722000038/nke-20220531.htm
2020,Corporate,Total revenues,-11.0,FY2022 10-K,0000320187-22-000038,2022-07-21,NOTE 16 — REVENUES,"Revenue disaggregation, year ended May 31, 2020",86,https://www.sec.gov/Archives/edgar/data/320187/000032018722000038/nke-20220531.htm
2020,EMEA,Sales through direct to consumer (NIKE Direct),2773.0,FY2022 10-K,0000320187-22-000038,2022-07-21,NOTE 16 — REVENUES,"Revenue disaggregation, year ended May 31, 2020",86,https://www.sec.gov/Archives/edgar/data/320187/000032018722000038/nke-20220531.htm
2020,EMEA,Sales to wholesale customers,6574.0,FY2022 10-K,0000320187-22-000038,2022-07-21,NOTE 16 — REVENUES,"Revenue disaggregation, year ended May 31, 2020",86,https://www.sec.gov/Archives/edgar/data/320187/000032018722000038/nke-20220531.htm
2020,EMEA,Total revenues,9347.0,FY2022 10-K,0000320187-22-000038,2022-07-21,NOTE 16 — REVENUES,"Revenue disaggregation, year ended May 31, 2020",86,https://www.sec.gov/Archives/edgar/data/320187/000032018722000038/nke-20220531.htm
2020,Global Brand Divisions,Sales through direct to consumer (NIKE Direct),0.0,FY2022 10-K,0000320187-22-000038,2022-07-21,NOTE 16 — REVENUES,"Revenue disaggregation, year ended May 31, 2020",86,https://www.sec.gov/Archives/edgar/data/320187/000032018722000038/nke-20220531.htm
2020,Global Brand Divisions,Sales to wholesale customers,0.0,FY2022 10-K,0000320187-22-000038,2022-07-21,NOTE 16 — REVENUES,"Revenue disaggregation, year ended May 31, 2020",86,https://www.sec.gov/Archives/edgar/data/320187/000032018722000038/nke-20220531.htm
2020,Global Brand Divisions,Total revenues,30.0,FY2022 10-K,0000320187-22-000038,2022-07-21,NOTE 16 — REVENUES,"Revenue disaggregation, year ended May 31, 2020",86,https://www.sec.gov/Archives/edgar/data/320187/000032018722000038/nke-20220531.htm
2020,Greater China,Sales through direct to consumer (NIKE Direct),2876.0,FY2022 10-K,0000320187-22-000038,2022-07-21,NOTE 16 — REVENUES,"Revenue disaggregation, year ended May 31, 2020",86,https://www.sec.gov/Archives/edgar/data/320187/000032018722000038/nke-20220531.htm
2020,Greater China,Sales to wholesale customers,3803.0,FY2022 10-K,0000320187-22-000038,2022-07-21,NOTE 16 — REVENUES,"Revenue disaggregation, year ended May 31, 2020",86,https://www.sec.gov/Archives/edgar/data/320187/000032018722000038/nke-20220531.htm
2020,Greater China,Total revenues,6679.0,FY2022 10-K,0000320187-22-000038,2022-07-21,NOTE 16 — REVENUES,"Revenue disaggregation, year ended May 31, 2020",86,https://www.sec.gov/Archives/edgar/data/320187/000032018722000038/nke-20220531.htm
2020,North America,Sales through direct to consumer (NIKE Direct),5113.0,FY2022 10-K,0000320187-22-000038,2022-07-21,NOTE 16 — REVENUES,"Revenue disaggregation, year ended May 31, 2020",86,https://www.sec.gov/Archives/edgar/data/320187/000032018722000038/nke-20220531.htm
2020,North America,Sales to wholesale customers,9371.0,FY2022 10-K,0000320187-22-000038,2022-07-21,NOTE 16 — REVENUES,"Revenue disaggregation, year ended May 31, 2020",86,https://www.sec.gov/Archives/edgar/data/320187/000032018722000038/nke-20220531.htm
2020,North America,Total revenues,14484.0,FY2022 10-K,0000320187-22-000038,2022-07-21,NOTE 16 — REVENUES,"Revenue disaggregation, year ended May 31, 2020",86,https://www.sec.gov/Archives/edgar/data/320187/000032018722000038/nke-20220531.htm
2020,Total NIKE Brand,Sales through direct to consumer (NIKE Direct),12382.0,FY2022 10-K,0000320187-22-000038,2022-07-21,NOTE 16 — REVENUES,"Revenue disaggregation, year ended May 31, 2020",86,https://www.sec.gov/Archives/edgar/data/320187/000032018722000038/nke-20220531.htm
2020,Total NIKE Brand,Sales to wholesale customers,23156.0,FY2022 10-K,0000320187-22-000038,2022-07-21,NOTE 16 — REVENUES,"Revenue disaggregation, year ended May 31, 2020",86,https://www.sec.gov/Archives/edgar/data/320187/000032018722000038/nke-20220531.htm
2020,Total NIKE Brand,Total revenues,35568.0,FY2022 10-K,0000320187-22-000038,2022-07-21,NOTE 16 — REVENUES,"Revenue disaggregation, year ended May 31, 2020",86,https://www.sec.gov/Archives/edgar/data/320187/000032018722000038/nke-20220531.htm
2020,"Total NIKE, Inc.",Sales through direct to consumer (NIKE Direct),12984.0,FY2022 10-K,0000320187-22-000038,2022-07-21,NOTE 16 — REVENUES,"Revenue disaggregation, year ended May 31, 2020",86,https://www.sec.gov/Archives/edgar/data/320187/000032018722000038/nke-20220531.htm
2020,"Total NIKE, Inc.",Sales to wholesale customers,24310.0,FY2022 10-K,0000320187-22-000038,2022-07-21,NOTE 16 — REVENUES,"Revenue disaggregation, year ended May 31, 2020",86,https://www.sec.gov/Archives/edgar/data/320187/000032018722000038/nke-20220531.htm
2020,"Total NIKE, Inc.",Total revenues,37403.0,FY2022 10-K,0000320187-22-000038,2022-07-21,NOTE 16 — REVENUES,"Revenue disaggregation, year ended May 31, 2020",86,https://www.sec.gov/Archives/edgar/data/320187/000032018722000038/nke-20220531.htm
2021,APLA,Sales through direct to consumer (NIKE Direct),1956.0,FY2023 10-K,0000320187-23-000039,2023-07-20,NOTE 14 — REVENUES,"Revenue disaggregation, year ended May 31, 2021",84,https://www.sec.gov/Archives/edgar/data/320187/000032018723000039/nke-20230531.htm
2021,APLA,Sales to wholesale customers,3387.0,FY2023 10-K,0000320187-23-000039,2023-07-20,NOTE 14 — REVENUES,"Revenue disaggregation, year ended May 31, 2021",84,https://www.sec.gov/Archives/edgar/data/320187/000032018723000039/nke-20230531.htm
2021,APLA,Total revenues,5343.0,FY2023 10-K,0000320187-23-000039,2023-07-20,NOTE 14 — REVENUES,"Revenue disaggregation, year ended May 31, 2021",84,https://www.sec.gov/Archives/edgar/data/320187/000032018723000039/nke-20230531.htm
2021,Converse,Sales through direct to consumer (NIKE Direct),766.0,FY2023 10-K,0000320187-23-000039,2023-07-20,NOTE 14 — REVENUES,"Revenue disaggregation, year ended May 31, 2021",84,https://www.sec.gov/Archives/edgar/data/320187/000032018723000039/nke-20230531.htm
2021,Converse,Sales to wholesale customers,1353.0,FY2023 10-K,0000320187-23-000039,2023-07-20,NOTE 14 — REVENUES,"Revenue disaggregation, year ended May 31, 2021",84,https://www.sec.gov/Archives/edgar/data/320187/000032018723000039/nke-20230531.htm
2021,Converse,Total revenues,2205.0,FY2023 10-K,0000320187-23-000039,2023-07-20,NOTE 14 — REVENUES,"Revenue disaggregation, year ended May 31, 2021",84,https://www.sec.gov/Archives/edgar/data/320187/000032018723000039/nke-20230531.htm
2021,Corporate,Sales through direct to consumer (NIKE Direct),0.0,FY2023 10-K,0000320187-23-000039,2023-07-20,NOTE 14 — REVENUES,"Revenue disaggregation, year ended May 31, 2021",84,https://www.sec.gov/Archives/edgar/data/320187/000032018723000039/nke-20230531.htm
2021,Corporate,Sales to wholesale customers,0.0,FY2023 10-K,0000320187-23-000039,2023-07-20,NOTE 14 — REVENUES,"Revenue disaggregation, year ended May 31, 2021",84,https://www.sec.gov/Archives/edgar/data/320187/000032018723000039/nke-20230531.htm
2021,Corporate,Total revenues,40.0,FY2023 10-K,0000320187-23-000039,2023-07-20,NOTE 14 — REVENUES,"Revenue disaggregation, year ended May 31, 2021",84,https://www.sec.gov/Archives/edgar/data/320187/000032018723000039/nke-20230531.htm
2021,EMEA,Sales through direct to consumer (NIKE Direct),3644.0,FY2023 10-K,0000320187-23-000039,2023-07-20,NOTE 14 — REVENUES,"Revenue disaggregation, year ended May 31, 2021",84,https://www.sec.gov/Archives/edgar/data/320187/000032018723000039/nke-20230531.htm
2021,EMEA,Sales to wholesale customers,7812.0,FY2023 10-K,0000320187-23-000039,2023-07-20,NOTE 14 — REVENUES,"Revenue disaggregation, year ended May 31, 2021",84,https://www.sec.gov/Archives/edgar/data/320187/000032018723000039/nke-20230531.htm
2021,EMEA,Total revenues,11456.0,FY2023 10-K,0000320187-23-000039,2023-07-20,NOTE 14 — REVENUES,"Revenue disaggregation, year ended May 31, 2021",84,https://www.sec.gov/Archives/edgar/data/320187/000032018723000039/nke-20230531.htm
2021,Global Brand Divisions,Sales through direct to consumer (NIKE Direct),0.0,FY2023 10-K,0000320187-23-000039,2023-07-20,NOTE 14 — REVENUES,"Revenue disaggregation, year ended May 31, 2021",84,https://www.sec.gov/Archives/edgar/data/320187/000032018723000039/nke-20230531.htm
2021,Global Brand Divisions,Sales to wholesale customers,0.0,FY2023 10-K,0000320187-23-000039,2023-07-20,NOTE 14 — REVENUES,"Revenue disaggregation, year ended May 31, 2021",84,https://www.sec.gov/Archives/edgar/data/320187/000032018723000039/nke-20230531.htm
2021,Global Brand Divisions,Total revenues,25.0,FY2023 10-K,0000320187-23-000039,2023-07-20,NOTE 14 — REVENUES,"Revenue disaggregation, year ended May 31, 2021",84,https://www.sec.gov/Archives/edgar/data/320187/000032018723000039/nke-20230531.htm
2021,Greater China,Sales through direct to consumer (NIKE Direct),3777.0,FY2023 10-K,0000320187-23-000039,2023-07-20,NOTE 14 — REVENUES,"Revenue disaggregation, year ended May 31, 2021",84,https://www.sec.gov/Archives/edgar/data/320187/000032018723000039/nke-20230531.htm
2021,Greater China,Sales to wholesale customers,4513.0,FY2023 10-K,0000320187-23-000039,2023-07-20,NOTE 14 — REVENUES,"Revenue disaggregation, year ended May 31, 2021",84,https://www.sec.gov/Archives/edgar/data/320187/000032018723000039/nke-20230531.htm
2021,Greater China,Total revenues,8290.0,FY2023 10-K,0000320187-23-000039,2023-07-20,NOTE 14 — REVENUES,"Revenue disaggregation, year ended May 31, 2021",84,https://www.sec.gov/Archives/edgar/data/320187/000032018723000039/nke-20230531.htm
2021,North America,Sales through direct to consumer (NIKE Direct),6993.0,FY2023 10-K,0000320187-23-000039,2023-07-20,NOTE 14 — REVENUES,"Revenue disaggregation, year ended May 31, 2021",84,https://www.sec.gov/Archives/edgar/data/320187/000032018723000039/nke-20230531.htm
2021,North America,Sales to wholesale customers,10186.0,FY2023 10-K,0000320187-23-000039,2023-07-20,NOTE 14 — REVENUES,"Revenue disaggregation, year ended May 31, 2021",84,https://www.sec.gov/Archives/edgar/data/320187/000032018723000039/nke-20230531.htm
2021,North America,Total revenues,17179.0,FY2023 10-K,0000320187-23-000039,2023-07-20,NOTE 14 — REVENUES,"Revenue disaggregation, year ended May 31, 2021",84,https://www.sec.gov/Archives/edgar/data/320187/000032018723000039/nke-20230531.htm
2021,Total NIKE Brand,Sales through direct to consumer (NIKE Direct),16370.0,FY2023 10-K,0000320187-23-000039,2023-07-20,NOTE 14 — REVENUES,"Revenue disaggregation, year ended May 31, 2021",84,https://www.sec.gov/Archives/edgar/data/320187/000032018723000039/nke-20230531.htm
2021,Total NIKE Brand,Sales to wholesale customers,25898.0,FY2023 10-K,0000320187-23-000039,2023-07-20,NOTE 14 — REVENUES,"Revenue disaggregation, year ended May 31, 2021",84,https://www.sec.gov/Archives/edgar/data/320187/000032018723000039/nke-20230531.htm
2021,Total NIKE Brand,Total revenues,42293.0,FY2023 10-K,0000320187-23-000039,2023-07-20,NOTE 14 — REVENUES,"Revenue disaggregation, year ended May 31, 2021",84,https://www.sec.gov/Archives/edgar/data/320187/000032018723000039/nke-20230531.htm
2021,"Total NIKE, Inc.",Sales through direct to consumer (NIKE Direct),17136.0,FY2023 10-K,0000320187-23-000039,2023-07-20,NOTE 14 — REVENUES,"Revenue disaggregation, year ended May 31, 2021",84,https://www.sec.gov/Archives/edgar/data/320187/000032018723000039/nke-20230531.htm
2021,"Total NIKE, Inc.",Sales to wholesale customers,27251.0,FY2023 10-K,0000320187-23-000039,2023-07-20,NOTE 14 — REVENUES,"Revenue disaggregation, year ended May 31, 2021",84,https://www.sec.gov/Archives/edgar/data/320187/000032018723000039/nke-20230531.htm
2021,"Total NIKE, Inc.",Total revenues,44538.0,FY2023 10-K,0000320187-23-000039,2023-07-20,NOTE 14 — REVENUES,"Revenue disaggregation, year ended May 31, 2021",84,https://www.sec.gov/Archives/edgar/data/320187/000032018723000039/nke-20230531.htm
2022,APLA,Sales through direct to consumer (NIKE Direct),2426.0,FY2024 10-K,0000320187-24-000044,2024-07-25,NOTE 14 — REVENUES,"Revenue disaggregation, year ended May 31, 2022",85,https://www.sec.gov/Archives/edgar/data/320187/000032018724000044/nke-20240531.htm
2022,APLA,Sales to wholesale customers,3529.0,FY2024 10-K,0000320187-24-000044,2024-07-25,NOTE 14 — REVENUES,"Revenue disaggregation, year ended May 31, 2022",85,https://www.sec.gov/Archives/edgar/data/320187/000032018724000044/nke-20240531.htm
2022,APLA,Total revenues,5955.0,FY2024 10-K,0000320187-24-000044,2024-07-25,NOTE 14 — REVENUES,"Revenue disaggregation, year ended May 31, 2022",85,https://www.sec.gov/Archives/edgar/data/320187/000032018724000044/nke-20240531.htm
2022,Converse,Sales through direct to consumer (NIKE Direct),931.0,FY2024 10-K,0000320187-24-000044,2024-07-25,NOTE 14 — REVENUES,"Revenue disaggregation, year ended May 31, 2022",85,https://www.sec.gov/Archives/edgar/data/320187/000032018724000044/nke-20240531.htm
2022,Converse,Sales to wholesale customers,1292.0,FY2024 10-K,0000320187-24-000044,2024-07-25,NOTE 14 — REVENUES,"Revenue disaggregation, year ended May 31, 2022",85,https://www.sec.gov/Archives/edgar/data/320187/000032018724000044/nke-20240531.htm
2022,Converse,Total revenues,2346.0,FY2024 10-K,0000320187-24-000044,2024-07-25,NOTE 14 — REVENUES,"Revenue disaggregation, year ended May 31, 2022",85,https://www.sec.gov/Archives/edgar/data/320187/000032018724000044/nke-20240531.htm
2022,Corporate,Sales through direct to consumer (NIKE Direct),0.0,FY2024 10-K,0000320187-24-000044,2024-07-25,NOTE 14 — REVENUES,"Revenue disaggregation, year ended May 31, 2022",85,https://www.sec.gov/Archives/edgar/data/320187/000032018724000044/nke-20240531.htm
2022,Corporate,Sales to wholesale customers,0.0,FY2024 10-K,0000320187-24-000044,2024-07-25,NOTE 14 — REVENUES,"Revenue disaggregation, year ended May 31, 2022",85,https://www.sec.gov/Archives/edgar/data/320187/000032018724000044/nke-20240531.htm
2022,Corporate,Total revenues,-72.0,FY2024 10-K,0000320187-24-000044,2024-07-25,NOTE 14 — REVENUES,"Revenue disaggregation, year ended May 31, 2022",85,https://www.sec.gov/Archives/edgar/data/320187/000032018724000044/nke-20240531.htm
2022,EMEA,Sales through direct to consumer (NIKE Direct),4102.0,FY2024 10-K,0000320187-24-000044,2024-07-25,NOTE 14 — REVENUES,"Revenue disaggregation, year ended May 31, 2022",85,https://www.sec.gov/Archives/edgar/data/320187/000032018724000044/nke-20240531.htm
2022,EMEA,Sales to wholesale customers,8377.0,FY2024 10-K,0000320187-24-000044,2024-07-25,NOTE 14 — REVENUES,"Revenue disaggregation, year ended May 31, 2022",85,https://www.sec.gov/Archives/edgar/data/320187/000032018724000044/nke-20240531.htm
2022,EMEA,Total revenues,12479.0,FY2024 10-K,0000320187-24-000044,2024-07-25,NOTE 14 — REVENUES,"Revenue disaggregation, year ended May 31, 2022",85,https://www.sec.gov/Archives/edgar/data/320187/000032018724000044/nke-20240531.htm
2022,Global Brand Divisions,Sales through direct to consumer (NIKE Direct),0.0,FY2024 10-K,0000320187-24-000044,2024-07-25,NOTE 14 — REVENUES,"Revenue disaggregation, year ended May 31, 2022",85,https://www.sec.gov/Archives/edgar/data/320187/000032018724000044/nke-20240531.htm
2022,Global Brand Divisions,Sales to wholesale customers,0.0,FY2024 10-K,0000320187-24-000044,2024-07-25,NOTE 14 — REVENUES,"Revenue disaggregation, year ended May 31, 2022",85,https://www.sec.gov/Archives/edgar/data/320187/000032018724000044/nke-20240531.htm
2022,Global Brand Divisions,Total revenues,102.0,FY2024 10-K,0000320187-24-000044,2024-07-25,NOTE 14 — REVENUES,"Revenue disaggregation, year ended May 31, 2022",85,https://www.sec.gov/Archives/edgar/data/320187/000032018724000044/nke-20240531.htm
2022,Greater China,Sales through direct to consumer (NIKE Direct),3466.0,FY2024 10-K,0000320187-24-000044,2024-07-25,NOTE 14 — REVENUES,"Revenue disaggregation, year ended May 31, 2022",85,https://www.sec.gov/Archives/edgar/data/320187/000032018724000044/nke-20240531.htm
2022,Greater China,Sales to wholesale customers,4081.0,FY2024 10-K,0000320187-24-000044,2024-07-25,NOTE 14 — REVENUES,"Revenue disaggregation, year ended May 31, 2022",85,https://www.sec.gov/Archives/edgar/data/320187/000032018724000044/nke-20240531.htm
2022,Greater China,Total revenues,7547.0,FY2024 10-K,0000320187-24-000044,2024-07-25,NOTE 14 — REVENUES,"Revenue disaggregation, year ended May 31, 2022",85,https://www.sec.gov/Archives/edgar/data/320187/000032018724000044/nke-20240531.htm
2022,North America,Sales through direct to consumer (NIKE Direct),8732.0,FY2024 10-K,0000320187-24-000044,2024-07-25,NOTE 14 — REVENUES,"Revenue disaggregation, year ended May 31, 2022",85,https://www.sec.gov/Archives/edgar/data/320187/000032018724000044/nke-20240531.htm
2022,North America,Sales to wholesale customers,9621.0,FY2024 10-K,0000320187-24-000044,2024-07-25,NOTE 14 — REVENUES,"Revenue disaggregation, year ended May 31, 2022",85,https://www.sec.gov/Archives/edgar/data/320187/000032018724000044/nke-20240531.htm
2022,North America,Total revenues,18353.0,FY2024 10-K,0000320187-24-000044,2024-07-25,NOTE 14 — REVENUES,"Revenue disaggregation, year ended May 31, 2022",85,https://www.sec.gov/Archives/edgar/data/320187/000032018724000044/nke-20240531.htm
2022,Total NIKE Brand,Sales through direct to consumer (NIKE Direct),18726.0,FY2024 10-K,0000320187-24-000044,2024-07-25,NOTE 14 — REVENUES,"Revenue disaggregation, year ended May 31, 2022",85,https://www.sec.gov/Archives/edgar/data/320187/000032018724000044/nke-20240531.htm
2022,Total NIKE Brand,Sales to wholesale customers,25608.0,FY2024 10-K,0000320187-24-000044,2024-07-25,NOTE 14 — REVENUES,"Revenue disaggregation, year ended May 31, 2022",85,https://www.sec.gov/Archives/edgar/data/320187/000032018724000044/nke-20240531.htm
2022,Total NIKE Brand,Total revenues,44436.0,FY2024 10-K,0000320187-24-000044,2024-07-25,NOTE 14 — REVENUES,"Revenue disaggregation, year ended May 31, 2022",85,https://www.sec.gov/Archives/edgar/data/320187/000032018724000044/nke-20240531.htm
2022,"Total NIKE, Inc.",Sales through direct to consumer (NIKE Direct),19657.0,FY2024 10-K,0000320187-24-000044,2024-07-25,NOTE 14 — REVENUES,"Revenue disaggregation, year ended May 31, 2022",85,https://www.sec.gov/Archives/edgar/data/320187/000032018724000044/nke-20240531.htm
2022,"Total NIKE, Inc.",Sales to wholesale customers,26900.0,FY2024 10-K,0000320187-24-000044,2024-07-25,NOTE 14 — REVENUES,"Revenue disaggregation, year ended May 31, 2022",85,https://www.sec.gov/Archives/edgar/data/320187/000032018724000044/nke-20240531.htm
2022,"Total NIKE, Inc.",Total revenues,46710.0,FY2024 10-K,0000320187-24-000044,2024-07-25,NOTE 14 — REVENUES,"Revenue disaggregation, year ended May 31, 2022",85,https://www.sec.gov/Archives/edgar/data/320187/000032018724000044/nke-20240531.htm
2023,APLA,Sales through direct to consumer (NIKE Direct),2695.0,FY2025 10-K,0000320187-25-000047,2025-07-17,NOTE 14 — REVENUES,"Revenue disaggregation, year ended May 31, 2023",83,https://www.sec.gov/Archives/edgar/data/320187/000032018725000047/nke-20250531.htm
2023,APLA,Sales to wholesale customers,3736.0,FY2025 10-K,0000320187-25-000047,2025-07-17,NOTE 14 — REVENUES,"Revenue disaggregation, year ended May 31, 2023",83,https://www.sec.gov/Archives/edgar/data/320187/000032018725000047/nke-20250531.htm
2023,APLA,Total revenues,6431.0,FY2025 10-K,0000320187-25-000047,2025-07-17,NOTE 14 — REVENUES,"Revenue disaggregation, year ended May 31, 2023",83,https://www.sec.gov/Archives/edgar/data/320187/000032018725000047/nke-20250531.htm
2023,Converse,Sales through direct to consumer (NIKE Direct),974.0,FY2025 10-K,0000320187-25-000047,2025-07-17,NOTE 14 — REVENUES,"Revenue disaggregation, year ended May 31, 2023",83,https://www.sec.gov/Archives/edgar/data/320187/000032018725000047/nke-20250531.htm
2023,Converse,Sales to wholesale customers,1299.0,FY2025 10-K,0000320187-25-000047,2025-07-17,NOTE 14 — REVENUES,"Revenue disaggregation, year ended May 31, 2023",83,https://www.sec.gov/Archives/edgar/data/320187/000032018725000047/nke-20250531.htm
2023,Converse,Total revenues,2427.0,FY2025 10-K,0000320187-25-000047,2025-07-17,NOTE 14 — REVENUES,"Revenue disaggregation, year ended May 31, 2023",83,https://www.sec.gov/Archives/edgar/data/320187/000032018725000047/nke-20250531.htm
2023,Corporate,Sales through direct to consumer (NIKE Direct),0.0,FY2025 10-K,0000320187-25-000047,2025-07-17,NOTE 14 — REVENUES,"Revenue disaggregation, year ended May 31, 2023",83,https://www.sec.gov/Archives/edgar/data/320187/000032018725000047/nke-20250531.htm
2023,Corporate,Sales to wholesale customers,0.0,FY2025 10-K,0000320187-25-000047,2025-07-17,NOTE 14 — REVENUES,"Revenue disaggregation, year ended May 31, 2023",83,https://www.sec.gov/Archives/edgar/data/320187/000032018725000047/nke-20250531.htm
2023,Corporate,Total revenues,27.0,FY2025 10-K,0000320187-25-000047,2025-07-17,NOTE 14 — REVENUES,"Revenue disaggregation, year ended May 31, 2023",83,https://www.sec.gov/Archives/edgar/data/320187/000032018725000047/nke-20250531.htm
2023,EMEA,Sales through direct to consumer (NIKE Direct),4896.0,FY2025 10-K,0000320187-25-000047,2025-07-17,NOTE 14 — REVENUES,"Revenue disaggregation, year ended May 31, 2023",83,https://www.sec.gov/Archives/edgar/data/320187/000032018725000047/nke-20250531.htm
2023,EMEA,Sales to wholesale customers,8522.0,FY2025 10-K,0000320187-25-000047,2025-07-17,NOTE 14 — REVENUES,"Revenue disaggregation, year ended May 31, 2023",83,https://www.sec.gov/Archives/edgar/data/320187/000032018725000047/nke-20250531.htm
2023,EMEA,Total revenues,13418.0,FY2025 10-K,0000320187-25-000047,2025-07-17,NOTE 14 — REVENUES,"Revenue disaggregation, year ended May 31, 2023",83,https://www.sec.gov/Archives/edgar/data/320187/000032018725000047/nke-20250531.htm
2023,Global Brand Divisions,Sales through direct to consumer (NIKE Direct),0.0,FY2025 10-K,0000320187-25-000047,2025-07-17,NOTE 14 — REVENUES,"Revenue disaggregation, year ended May 31, 2023",83,https://www.sec.gov/Archives/edgar/data/320187/000032018725000047/nke-20250531.htm
2023,Global Brand Divisions,Sales to wholesale customers,0.0,FY2025 10-K,0000320187-25-000047,2025-07-17,NOTE 14 — REVENUES,"Revenue disaggregation, year ended May 31, 2023",83,https://www.sec.gov/Archives/edgar/data/320187/000032018725000047/nke-20250531.htm
2023,Global Brand Divisions,Total revenues,58.0,FY2025 10-K,0000320187-25-000047,2025-07-17,NOTE 14 — REVENUES,"Revenue disaggregation, year ended May 31, 2023",83,https://www.sec.gov/Archives/edgar/data/320187/000032018725000047/nke-20250531.htm
2023,Greater China,Sales through direct to consumer (NIKE Direct),3382.0,FY2025 10-K,0000320187-25-000047,2025-07-17,NOTE 14 — REVENUES,"Revenue disaggregation, year ended May 31, 2023",83,https://www.sec.gov/Archives/edgar/data/320187/000032018725000047/nke-20250531.htm
2023,Greater China,Sales to wholesale customers,3866.0,FY2025 10-K,0000320187-25-000047,2025-07-17,NOTE 14 — REVENUES,"Revenue disaggregation, year ended May 31, 2023",83,https://www.sec.gov/Archives/edgar/data/320187/000032018725000047/nke-20250531.htm
2023,Greater China,Total revenues,7248.0,FY2025 10-K,0000320187-25-000047,2025-07-17,NOTE 14 — REVENUES,"Revenue disaggregation, year ended May 31, 2023",83,https://www.sec.gov/Archives/edgar/data/320187/000032018725000047/nke-20250531.htm
2023,North America,Sales through direct to consumer (NIKE Direct),10335.0,FY2025 10-K,0000320187-25-000047,2025-07-17,NOTE 14 — REVENUES,"Revenue disaggregation, year ended May 31, 2023",83,https://www.sec.gov/Archives/edgar/data/320187/000032018725000047/nke-20250531.htm
2023,North America,Sales to wholesale customers,11273.0,FY2025 10-K,0000320187-25-000047,2025-07-17,NOTE 14 — REVENUES,"Revenue disaggregation, year ended May 31, 2023",83,https://www.sec.gov/Archives/edgar/data/320187/000032018725000047/nke-20250531.htm
2023,North America,Total revenues,21608.0,FY2025 10-K,0000320187-25-000047,2025-07-17,NOTE 14 — REVENUES,"Revenue disaggregation, year ended May 31, 2023",83,https://www.sec.gov/Archives/edgar/data/320187/000032018725000047/nke-20250531.htm
2023,Total NIKE Brand,Sales through direct to consumer (NIKE Direct),21308.0,FY2025 10-K,0000320187-25-000047,2025-07-17,NOTE 14 — REVENUES,"Revenue disaggregation, year ended May 31, 2023",83,https://www.sec.gov/Archives/edgar/data/320187/000032018725000047/nke-20250531.htm
2023,Total NIKE Brand,Sales to wholesale customers,27397.0,FY2025 10-K,0000320187-25-000047,2025-07-17,NOTE 14 — REVENUES,"Revenue disaggregation, year ended May 31, 2023",83,https://www.sec.gov/Archives/edgar/data/320187/000032018725000047/nke-20250531.htm
2023,Total NIKE Brand,Total revenues,48763.0,FY2025 10-K,0000320187-25-000047,2025-07-17,NOTE 14 — REVENUES,"Revenue disaggregation, year ended May 31, 2023",83,https://www.sec.gov/Archives/edgar/data/320187/000032018725000047/nke-20250531.htm
2023,"Total NIKE, Inc.",Sales through direct to consumer (NIKE Direct),22282.0,FY2025 10-K,0000320187-25-000047,2025-07-17,NOTE 14 — REVENUES,"Revenue disaggregation, year ended May 31, 2023",83,https://www.sec.gov/Archives/edgar/data/320187/000032018725000047/nke-20250531.htm
2023,"Total NIKE, Inc.",Sales to wholesale customers,28696.0,FY2025 10-K,0000320187-25-000047,2025-07-17,NOTE 14 — REVENUES,"Revenue disaggregation, year ended May 31, 2023",83,https://www.sec.gov/Archives/edgar/data/320187/000032018725000047/nke-20250531.htm
2023,"Total NIKE, Inc.",Total revenues,51217.0,FY2025 10-K,0000320187-25-000047,2025-07-17,NOTE 14 — REVENUES,"Revenue disaggregation, year ended May 31, 2023",83,https://www.sec.gov/Archives/edgar/data/320187/000032018725000047/nke-20250531.htm
2024,APLA,Sales through direct to consumer (NIKE Direct),2799.0,FY2026 10-K,0000320187-26-000088,2026-07-15,NOTE 14 — REVENUES,"Revenue disaggregation, year ended May 31, 2024",84,https://www.sec.gov/Archives/edgar/data/320187/000032018726000088/nke-20260531.htm
2024,APLA,Sales to wholesale customers,3930.0,FY2026 10-K,0000320187-26-000088,2026-07-15,NOTE 14 — REVENUES,"Revenue disaggregation, year ended May 31, 2024",84,https://www.sec.gov/Archives/edgar/data/320187/000032018726000088/nke-20260531.htm
2024,APLA,Total revenues,6729.0,FY2026 10-K,0000320187-26-000088,2026-07-15,NOTE 14 — REVENUES,"Revenue disaggregation, year ended May 31, 2024",84,https://www.sec.gov/Archives/edgar/data/320187/000032018726000088/nke-20260531.htm
2024,Converse,Sales through direct to consumer (NIKE Direct),832.0,FY2026 10-K,0000320187-26-000088,2026-07-15,NOTE 14 — REVENUES,"Revenue disaggregation, year ended May 31, 2024",84,https://www.sec.gov/Archives/edgar/data/320187/000032018726000088/nke-20260531.htm
2024,Converse,Sales to wholesale customers,1098.0,FY2026 10-K,0000320187-26-000088,2026-07-15,NOTE 14 — REVENUES,"Revenue disaggregation, year ended May 31, 2024",84,https://www.sec.gov/Archives/edgar/data/320187/000032018726000088/nke-20260531.htm
2024,Converse,Total revenues,2082.0,FY2026 10-K,0000320187-26-000088,2026-07-15,NOTE 14 — REVENUES,"Revenue disaggregation, year ended May 31, 2024",84,https://www.sec.gov/Archives/edgar/data/320187/000032018726000088/nke-20260531.htm
2024,Corporate,Sales through direct to consumer (NIKE Direct),0.0,FY2026 10-K,0000320187-26-000088,2026-07-15,NOTE 14 — REVENUES,"Revenue disaggregation, year ended May 31, 2024",84,https://www.sec.gov/Archives/edgar/data/320187/000032018726000088/nke-20260531.htm
2024,Corporate,Sales to wholesale customers,0.0,FY2026 10-K,0000320187-26-000088,2026-07-15,NOTE 14 — REVENUES,"Revenue disaggregation, year ended May 31, 2024",84,https://www.sec.gov/Archives/edgar/data/320187/000032018726000088/nke-20260531.htm
2024,Corporate,Total revenues,-42.0,FY2026 10-K,0000320187-26-000088,2026-07-15,NOTE 14 — REVENUES,"Revenue disaggregation, year ended May 31, 2024",84,https://www.sec.gov/Archives/edgar/data/320187/000032018726000088/nke-20260531.htm
2024,EMEA,Sales through direct to consumer (NIKE Direct),5045.0,FY2026 10-K,0000320187-26-000088,2026-07-15,NOTE 14 — REVENUES,"Revenue disaggregation, year ended May 31, 2024",84,https://www.sec.gov/Archives/edgar/data/320187/000032018726000088/nke-20260531.htm
2024,EMEA,Sales to wholesale customers,8562.0,FY2026 10-K,0000320187-26-000088,2026-07-15,NOTE 14 — REVENUES,"Revenue disaggregation, year ended May 31, 2024",84,https://www.sec.gov/Archives/edgar/data/320187/000032018726000088/nke-20260531.htm
2024,EMEA,Total revenues,13607.0,FY2026 10-K,0000320187-26-000088,2026-07-15,NOTE 14 — REVENUES,"Revenue disaggregation, year ended May 31, 2024",84,https://www.sec.gov/Archives/edgar/data/320187/000032018726000088/nke-20260531.htm
2024,Global Brand Divisions,Sales through direct to consumer (NIKE Direct),0.0,FY2026 10-K,0000320187-26-000088,2026-07-15,NOTE 14 — REVENUES,"Revenue disaggregation, year ended May 31, 2024",84,https://www.sec.gov/Archives/edgar/data/320187/000032018726000088/nke-20260531.htm
2024,Global Brand Divisions,Sales to wholesale customers,0.0,FY2026 10-K,0000320187-26-000088,2026-07-15,NOTE 14 — REVENUES,"Revenue disaggregation, year ended May 31, 2024",84,https://www.sec.gov/Archives/edgar/data/320187/000032018726000088/nke-20260531.htm
2024,Global Brand Divisions,Total revenues,45.0,FY2026 10-K,0000320187-26-000088,2026-07-15,NOTE 14 — REVENUES,"Revenue disaggregation, year ended May 31, 2024",84,https://www.sec.gov/Archives/edgar/data/320187/000032018726000088/nke-20260531.htm
2024,Greater China,Sales through direct to consumer (NIKE Direct),3283.0,FY2026 10-K,0000320187-26-000088,2026-07-15,NOTE 14 — REVENUES,"Revenue disaggregation, year ended May 31, 2024",84,https://www.sec.gov/Archives/edgar/data/320187/000032018726000088/nke-20260531.htm
2024,Greater China,Sales to wholesale customers,4262.0,FY2026 10-K,0000320187-26-000088,2026-07-15,NOTE 14 — REVENUES,"Revenue disaggregation, year ended May 31, 2024",84,https://www.sec.gov/Archives/edgar/data/320187/000032018726000088/nke-20260531.htm
2024,Greater China,Total revenues,7545.0,FY2026 10-K,0000320187-26-000088,2026-07-15,NOTE 14 — REVENUES,"Revenue disaggregation, year ended May 31, 2024",84,https://www.sec.gov/Archives/edgar/data/320187/000032018726000088/nke-20260531.htm
2024,North America,Sales through direct to consumer (NIKE Direct),10392.0,FY2026 10-K,0000320187-26-000088,2026-07-15,NOTE 14 — REVENUES,"Revenue disaggregation, year ended May 31, 2024",84,https://www.sec.gov/Archives/edgar/data/320187/000032018726000088/nke-20260531.htm
2024,North America,Sales to wholesale customers,11004.0,FY2026 10-K,0000320187-26-000088,2026-07-15,NOTE 14 — REVENUES,"Revenue disaggregation, year ended May 31, 2024",84,https://www.sec.gov/Archives/edgar/data/320187/000032018726000088/nke-20260531.htm
2024,North America,Total revenues,21396.0,FY2026 10-K,0000320187-26-000088,2026-07-15,NOTE 14 — REVENUES,"Revenue disaggregation, year ended May 31, 2024",84,https://www.sec.gov/Archives/edgar/data/320187/000032018726000088/nke-20260531.htm
2024,Total NIKE Brand,Sales through direct to consumer (NIKE Direct),21519.0,FY2026 10-K,0000320187-26-000088,2026-07-15,NOTE 14 — REVENUES,"Revenue disaggregation, year ended May 31, 2024",84,https://www.sec.gov/Archives/edgar/data/320187/000032018726000088/nke-20260531.htm
2024,Total NIKE Brand,Sales to wholesale customers,27758.0,FY2026 10-K,0000320187-26-000088,2026-07-15,NOTE 14 — REVENUES,"Revenue disaggregation, year ended May 31, 2024",84,https://www.sec.gov/Archives/edgar/data/320187/000032018726000088/nke-20260531.htm
2024,Total NIKE Brand,Total revenues,49322.0,FY2026 10-K,0000320187-26-000088,2026-07-15,NOTE 14 — REVENUES,"Revenue disaggregation, year ended May 31, 2024",84,https://www.sec.gov/Archives/edgar/data/320187/000032018726000088/nke-20260531.htm
2024,"Total NIKE, Inc.",Sales through direct to consumer (NIKE Direct),22351.0,FY2026 10-K,0000320187-26-000088,2026-07-15,NOTE 14 — REVENUES,"Revenue disaggregation, year ended May 31, 2024",84,https://www.sec.gov/Archives/edgar/data/320187/000032018726000088/nke-20260531.htm
2024,"Total NIKE, Inc.",Sales to wholesale customers,28856.0,FY2026 10-K,0000320187-26-000088,2026-07-15,NOTE 14 — REVENUES,"Revenue disaggregation, year ended May 31, 2024",84,https://www.sec.gov/Archives/edgar/data/320187/000032018726000088/nke-20260531.htm
2024,"Total NIKE, Inc.",Total revenues,51362.0,FY2026 10-K,0000320187-26-000088,2026-07-15,NOTE 14 — REVENUES,"Revenue disaggregation, year ended May 31, 2024",84,https://www.sec.gov/Archives/edgar/data/320187/000032018726000088/nke-20260531.htm
2025,APLA,Sales through direct to consumer (NIKE Direct),2573.0,FY2026 10-K,0000320187-26-000088,2026-07-15,NOTE 14 — REVENUES,"Revenue disaggregation, year ended May 31, 2025",83,https://www.sec.gov/Archives/edgar/data/320187/000032018726000088/nke-20260531.htm
2025,APLA,Sales to wholesale customers,3678.0,FY2026 10-K,0000320187-26-000088,2026-07-15,NOTE 14 — REVENUES,"Revenue disaggregation, year ended May 31, 2025",83,https://www.sec.gov/Archives/edgar/data/320187/000032018726000088/nke-20260531.htm
2025,APLA,Total revenues,6251.0,FY2026 10-K,0000320187-26-000088,2026-07-15,NOTE 14 — REVENUES,"Revenue disaggregation, year ended May 31, 2025",83,https://www.sec.gov/Archives/edgar/data/320187/000032018726000088/nke-20260531.htm
2025,Converse,Sales through direct to consumer (NIKE Direct),694.0,FY2026 10-K,0000320187-26-000088,2026-07-15,NOTE 14 — REVENUES,"Revenue disaggregation, year ended May 31, 2025",83,https://www.sec.gov/Archives/edgar/data/320187/000032018726000088/nke-20260531.htm
2025,Converse,Sales to wholesale customers,875.0,FY2026 10-K,0000320187-26-000088,2026-07-15,NOTE 14 — REVENUES,"Revenue disaggregation, year ended May 31, 2025",83,https://www.sec.gov/Archives/edgar/data/320187/000032018726000088/nke-20260531.htm
2025,Converse,Total revenues,1692.0,FY2026 10-K,0000320187-26-000088,2026-07-15,NOTE 14 — REVENUES,"Revenue disaggregation, year ended May 31, 2025",83,https://www.sec.gov/Archives/edgar/data/320187/000032018726000088/nke-20260531.htm
2025,Corporate,Sales through direct to consumer (NIKE Direct),0.0,FY2026 10-K,0000320187-26-000088,2026-07-15,NOTE 14 — REVENUES,"Revenue disaggregation, year ended May 31, 2025",83,https://www.sec.gov/Archives/edgar/data/320187/000032018726000088/nke-20260531.htm
2025,Corporate,Sales to wholesale customers,0.0,FY2026 10-K,0000320187-26-000088,2026-07-15,NOTE 14 — REVENUES,"Revenue disaggregation, year ended May 31, 2025",83,https://www.sec.gov/Archives/edgar/data/320187/000032018726000088/nke-20260531.htm
2025,Corporate,Total revenues,-97.0,FY2026 10-K,0000320187-26-000088,2026-07-15,NOTE 14 — REVENUES,"Revenue disaggregation, year ended May 31, 2025",83,https://www.sec.gov/Archives/edgar/data/320187/000032018726000088/nke-20260531.htm
2025,EMEA,Sales through direct to consumer (NIKE Direct),4235.0,FY2026 10-K,0000320187-26-000088,2026-07-15,NOTE 14 — REVENUES,"Revenue disaggregation, year ended May 31, 2025",83,https://www.sec.gov/Archives/edgar/data/320187/000032018726000088/nke-20260531.htm
2025,EMEA,Sales to wholesale customers,8022.0,FY2026 10-K,0000320187-26-000088,2026-07-15,NOTE 14 — REVENUES,"Revenue disaggregation, year ended May 31, 2025",83,https://www.sec.gov/Archives/edgar/data/320187/000032018726000088/nke-20260531.htm
2025,EMEA,Total revenues,12257.0,FY2026 10-K,0000320187-26-000088,2026-07-15,NOTE 14 — REVENUES,"Revenue disaggregation, year ended May 31, 2025",83,https://www.sec.gov/Archives/edgar/data/320187/000032018726000088/nke-20260531.htm
2025,Global Brand Divisions,Sales through direct to consumer (NIKE Direct),0.0,FY2026 10-K,0000320187-26-000088,2026-07-15,NOTE 14 — REVENUES,"Revenue disaggregation, year ended May 31, 2025",83,https://www.sec.gov/Archives/edgar/data/320187/000032018726000088/nke-20260531.htm
2025,Global Brand Divisions,Sales to wholesale customers,0.0,FY2026 10-K,0000320187-26-000088,2026-07-15,NOTE 14 — REVENUES,"Revenue disaggregation, year ended May 31, 2025",83,https://www.sec.gov/Archives/edgar/data/320187/000032018726000088/nke-20260531.htm
2025,Global Brand Divisions,Total revenues,48.0,FY2026 10-K,0000320187-26-000088,2026-07-15,NOTE 14 — REVENUES,"Revenue disaggregation, year ended May 31, 2025",83,https://www.sec.gov/Archives/edgar/data/320187/000032018726000088/nke-20260531.htm
2025,Greater China,Sales through direct to consumer (NIKE Direct),2887.0,FY2026 10-K,0000320187-26-000088,2026-07-15,NOTE 14 — REVENUES,"Revenue disaggregation, year ended May 31, 2025",83,https://www.sec.gov/Archives/edgar/data/320187/000032018726000088/nke-20260531.htm
2025,Greater China,Sales to wholesale customers,3699.0,FY2026 10-K,0000320187-26-000088,2026-07-15,NOTE 14 — REVENUES,"Revenue disaggregation, year ended May 31, 2025",83,https://www.sec.gov/Archives/edgar/data/320187/000032018726000088/nke-20260531.htm
2025,Greater China,Total revenues,6586.0,FY2026 10-K,0000320187-26-000088,2026-07-15,NOTE 14 — REVENUES,"Revenue disaggregation, year ended May 31, 2025",83,https://www.sec.gov/Archives/edgar/data/320187/000032018726000088/nke-20260531.htm
2025,North America,Sales through direct to consumer (NIKE Direct),9088.0,FY2026 10-K,0000320187-26-000088,2026-07-15,NOTE 14 — REVENUES,"Revenue disaggregation, year ended May 31, 2025",83,https://www.sec.gov/Archives/edgar/data/320187/000032018726000088/nke-20260531.htm
2025,North America,Sales to wholesale customers,10484.0,FY2026 10-K,0000320187-26-000088,2026-07-15,NOTE 14 — REVENUES,"Revenue disaggregation, year ended May 31, 2025",83,https://www.sec.gov/Archives/edgar/data/320187/000032018726000088/nke-20260531.htm
2025,North America,Total revenues,19572.0,FY2026 10-K,0000320187-26-000088,2026-07-15,NOTE 14 — REVENUES,"Revenue disaggregation, year ended May 31, 2025",83,https://www.sec.gov/Archives/edgar/data/320187/000032018726000088/nke-20260531.htm
2025,Total NIKE Brand,Sales through direct to consumer (NIKE Direct),18783.0,FY2026 10-K,0000320187-26-000088,2026-07-15,NOTE 14 — REVENUES,"Revenue disaggregation, year ended May 31, 2025",83,https://www.sec.gov/Archives/edgar/data/320187/000032018726000088/nke-20260531.htm
2025,Total NIKE Brand,Sales to wholesale customers,25883.0,FY2026 10-K,0000320187-26-000088,2026-07-15,NOTE 14 — REVENUES,"Revenue disaggregation, year ended May 31, 2025",83,https://www.sec.gov/Archives/edgar/data/320187/000032018726000088/nke-20260531.htm
2025,Total NIKE Brand,Total revenues,44714.0,FY2026 10-K,0000320187-26-000088,2026-07-15,NOTE 14 — REVENUES,"Revenue disaggregation, year ended May 31, 2025",83,https://www.sec.gov/Archives/edgar/data/320187/000032018726000088/nke-20260531.htm
2025,"Total NIKE, Inc.",Sales through direct to consumer (NIKE Direct),19477.0,FY2026 10-K,0000320187-26-000088,2026-07-15,NOTE 14 — REVENUES,"Revenue disaggregation, year ended May 31, 2025",83,https://www.sec.gov/Archives/edgar/data/320187/000032018726000088/nke-20260531.htm
2025,"Total NIKE, Inc.",Sales to wholesale customers,26758.0,FY2026 10-K,0000320187-26-000088,2026-07-15,NOTE 14 — REVENUES,"Revenue disaggregation, year ended May 31, 2025",83,https://www.sec.gov/Archives/edgar/data/320187/000032018726000088/nke-20260531.htm
2025,"Total NIKE, Inc.",Total revenues,46309.0,FY2026 10-K,0000320187-26-000088,2026-07-15,NOTE 14 — REVENUES,"Revenue disaggregation, year ended May 31, 2025",83,https://www.sec.gov/Archives/edgar/data/320187/000032018726000088/nke-20260531.htm
2026,APLA,Sales through direct to consumer (NIKE Direct),2464.0,FY2026 10-K,0000320187-26-000088,2026-07-15,NOTE 14 — REVENUES,"Revenue disaggregation, year ended May 31, 2026",83,https://www.sec.gov/Archives/edgar/data/320187/000032018726000088/nke-20260531.htm
2026,APLA,Sales to wholesale customers,3779.0,FY2026 10-K,0000320187-26-000088,2026-07-15,NOTE 14 — REVENUES,"Revenue disaggregation, year ended May 31, 2026",83,https://www.sec.gov/Archives/edgar/data/320187/000032018726000088/nke-20260531.htm
2026,APLA,Total revenues,6243.0,FY2026 10-K,0000320187-26-000088,2026-07-15,NOTE 14 — REVENUES,"Revenue disaggregation, year ended May 31, 2026",83,https://www.sec.gov/Archives/edgar/data/320187/000032018726000088/nke-20260531.htm
2026,Converse,Sales through direct to consumer (NIKE Direct),477.0,FY2026 10-K,0000320187-26-000088,2026-07-15,NOTE 14 — REVENUES,"Revenue disaggregation, year ended May 31, 2026",83,https://www.sec.gov/Archives/edgar/data/320187/000032018726000088/nke-20260531.htm
2026,Converse,Sales to wholesale customers,605.0,FY2026 10-K,0000320187-26-000088,2026-07-15,NOTE 14 — REVENUES,"Revenue disaggregation, year ended May 31, 2026",83,https://www.sec.gov/Archives/edgar/data/320187/000032018726000088/nke-20260531.htm
2026,Converse,Total revenues,1174.0,FY2026 10-K,0000320187-26-000088,2026-07-15,NOTE 14 — REVENUES,"Revenue disaggregation, year ended May 31, 2026",83,https://www.sec.gov/Archives/edgar/data/320187/000032018726000088/nke-20260531.htm
2026,Corporate,Sales through direct to consumer (NIKE Direct),0.0,FY2026 10-K,0000320187-26-000088,2026-07-15,NOTE 14 — REVENUES,"Revenue disaggregation, year ended May 31, 2026",83,https://www.sec.gov/Archives/edgar/data/320187/000032018726000088/nke-20260531.htm
2026,Corporate,Sales to wholesale customers,0.0,FY2026 10-K,0000320187-26-000088,2026-07-15,NOTE 14 — REVENUES,"Revenue disaggregation, year ended May 31, 2026",83,https://www.sec.gov/Archives/edgar/data/320187/000032018726000088/nke-20260531.htm
2026,Corporate,Total revenues,2.0,FY2026 10-K,0000320187-26-000088,2026-07-15,NOTE 14 — REVENUES,"Revenue disaggregation, year ended May 31, 2026",83,https://www.sec.gov/Archives/edgar/data/320187/000032018726000088/nke-20260531.htm
2026,EMEA,Sales through direct to consumer (NIKE Direct),4111.0,FY2026 10-K,0000320187-26-000088,2026-07-15,NOTE 14 — REVENUES,"Revenue disaggregation, year ended May 31, 2026",83,https://www.sec.gov/Archives/edgar/data/320187/000032018726000088/nke-20260531.htm
2026,EMEA,Sales to wholesale customers,8461.0,FY2026 10-K,0000320187-26-000088,2026-07-15,NOTE 14 — REVENUES,"Revenue disaggregation, year ended May 31, 2026",83,https://www.sec.gov/Archives/edgar/data/320187/000032018726000088/nke-20260531.htm
2026,EMEA,Total revenues,12572.0,FY2026 10-K,0000320187-26-000088,2026-07-15,NOTE 14 — REVENUES,"Revenue disaggregation, year ended May 31, 2026",83,https://www.sec.gov/Archives/edgar/data/320187/000032018726000088/nke-20260531.htm
2026,Global Brand Divisions,Sales through direct to consumer (NIKE Direct),0.0,FY2026 10-K,0000320187-26-000088,2026-07-15,NOTE 14 — REVENUES,"Revenue disaggregation, year ended May 31, 2026",83,https://www.sec.gov/Archives/edgar/data/320187/000032018726000088/nke-20260531.htm
2026,Global Brand Divisions,Sales to wholesale customers,0.0,FY2026 10-K,0000320187-26-000088,2026-07-15,NOTE 14 — REVENUES,"Revenue disaggregation, year ended May 31, 2026",83,https://www.sec.gov/Archives/edgar/data/320187/000032018726000088/nke-20260531.htm
2026,Global Brand Divisions,Total revenues,49.0,FY2026 10-K,0000320187-26-000088,2026-07-15,NOTE 14 — REVENUES,"Revenue disaggregation, year ended May 31, 2026",83,https://www.sec.gov/Archives/edgar/data/320187/000032018726000088/nke-20260531.htm
2026,Greater China,Sales through direct to consumer (NIKE Direct),2592.0,FY2026 10-K,0000320187-26-000088,2026-07-15,NOTE 14 — REVENUES,"Revenue disaggregation, year ended May 31, 2026",83,https://www.sec.gov/Archives/edgar/data/320187/000032018726000088/nke-20260531.htm
2026,Greater China,Sales to wholesale customers,3255.0,FY2026 10-K,0000320187-26-000088,2026-07-15,NOTE 14 — REVENUES,"Revenue disaggregation, year ended May 31, 2026",83,https://www.sec.gov/Archives/edgar/data/320187/000032018726000088/nke-20260531.htm
2026,Greater China,Total revenues,5847.0,FY2026 10-K,0000320187-26-000088,2026-07-15,NOTE 14 — REVENUES,"Revenue disaggregation, year ended May 31, 2026",83,https://www.sec.gov/Archives/edgar/data/320187/000032018726000088/nke-20260531.htm
2026,North America,Sales through direct to consumer (NIKE Direct),8553.0,FY2026 10-K,0000320187-26-000088,2026-07-15,NOTE 14 — REVENUES,"Revenue disaggregation, year ended May 31, 2026",83,https://www.sec.gov/Archives/edgar/data/320187/000032018726000088/nke-20260531.htm
2026,North America,Sales to wholesale customers,11958.0,FY2026 10-K,0000320187-26-000088,2026-07-15,NOTE 14 — REVENUES,"Revenue disaggregation, year ended May 31, 2026",83,https://www.sec.gov/Archives/edgar/data/320187/000032018726000088/nke-20260531.htm
2026,North America,Total revenues,20511.0,FY2026 10-K,0000320187-26-000088,2026-07-15,NOTE 14 — REVENUES,"Revenue disaggregation, year ended May 31, 2026",83,https://www.sec.gov/Archives/edgar/data/320187/000032018726000088/nke-20260531.htm
2026,Total NIKE Brand,Sales through direct to consumer (NIKE Direct),17720.0,FY2026 10-K,0000320187-26-000088,2026-07-15,NOTE 14 — REVENUES,"Revenue disaggregation, year ended May 31, 2026",83,https://www.sec.gov/Archives/edgar/data/320187/000032018726000088/nke-20260531.htm
2026,Total NIKE Brand,Sales to wholesale customers,27453.0,FY2026 10-K,0000320187-26-000088,2026-07-15,NOTE 14 — REVENUES,"Revenue disaggregation, year ended May 31, 2026",83,https://www.sec.gov/Archives/edgar/data/320187/000032018726000088/nke-20260531.htm
2026,Total NIKE Brand,Total revenues,45222.0,FY2026 10-K,0000320187-26-000088,2026-07-15,NOTE 14 — REVENUES,"Revenue disaggregation, year ended May 31, 2026",83,https://www.sec.gov/Archives/edgar/data/320187/000032018726000088/nke-20260531.htm
2026,"Total NIKE, Inc.",Sales through direct to consumer (NIKE Direct),18197.0,FY2026 10-K,0000320187-26-000088,2026-07-15,NOTE 14 — REVENUES,"Revenue disaggregation, year ended May 31, 2026",83,https://www.sec.gov/Archives/edgar/data/320187/000032018726000088/nke-20260531.htm
2026,"Total NIKE, Inc.",Sales to wholesale customers,28058.0,FY2026 10-K,0000320187-26-000088,2026-07-15,NOTE 14 — REVENUES,"Revenue disaggregation, year ended May 31, 2026",83,https://www.sec.gov/Archives/edgar/data/320187/000032018726000088/nke-20260531.htm
2026,"Total NIKE, Inc.",Total revenues,46398.0,FY2026 10-K,0000320187-26-000088,2026-07-15,NOTE 14 — REVENUES,"Revenue disaggregation, year ended May 31, 2026",83,https://www.sec.gov/Archives/edgar/data/320187/000032018726000088/nke-20260531.htm
