fiscal_year,check,sum_or_value,should_equal,difference,ok
2017,4 geographies + Global Brand Divisions = Total NIKE Brand,32233.0,32233.0,0.0,True
2017,"NIKE Brand + Converse + Corporate = Total NIKE, Inc.",34350.0,34350.0,0.0,True
2017,"Total NIKE, Inc. (10-K) = revenue from SEC API",34350.0,34350.0,0.0,True
2018,4 geographies + Global Brand Divisions = Total NIKE Brand,34485.0,34485.0,0.0,True
2018,"NIKE Brand + Converse + Corporate = Total NIKE, Inc.",36397.0,36397.0,0.0,True
2018,"Total NIKE, Inc. (10-K) = revenue from SEC API",36397.0,36397.0,0.0,True
2019,4 geographies + Global Brand Divisions = Total NIKE Brand,37218.0,37218.0,0.0,True
2019,"NIKE Brand + Converse + Corporate = Total NIKE, Inc.",39117.0,39117.0,0.0,True
2019,"Total NIKE, Inc. (10-K) = revenue from SEC API",39117.0,39117.0,0.0,True
2020,4 geographies + Global Brand Divisions = Total NIKE Brand,35568.0,35568.0,0.0,True
2020,"NIKE Brand + Converse + Corporate = Total NIKE, Inc.",37403.0,37403.0,0.0,True
2020,"Total NIKE, Inc. (10-K) = revenue from SEC API",37403.0,37403.0,0.0,True
2021,4 geographies + Global Brand Divisions = Total NIKE Brand,42293.0,42293.0,0.0,True
2021,"NIKE Brand + Converse + Corporate = Total NIKE, Inc.",44538.0,44538.0,0.0,True
2021,"Total NIKE, Inc. (10-K) = revenue from SEC API",44538.0,44538.0,0.0,True
2022,4 geographies + Global Brand Divisions = Total NIKE Brand,44436.0,44436.0,0.0,True
2022,"NIKE Brand + Converse + Corporate = Total NIKE, Inc.",46710.0,46710.0,0.0,True
2022,"Total NIKE, Inc. (10-K) = revenue from SEC API",46710.0,46710.0,0.0,True
2023,4 geographies + Global Brand Divisions = Total NIKE Brand,48763.0,48763.0,0.0,True
2023,"NIKE Brand + Converse + Corporate = Total NIKE, Inc.",51217.0,51217.0,0.0,True
2023,"Total NIKE, Inc. (10-K) = revenue from SEC API",51217.0,51217.0,0.0,True
2024,4 geographies + Global Brand Divisions = Total NIKE Brand,49322.0,49322.0,0.0,True
2024,"NIKE Brand + Converse + Corporate = Total NIKE, Inc.",51362.0,51362.0,0.0,True
2024,"Total NIKE, Inc. (10-K) = revenue from SEC API",51362.0,51362.0,0.0,True
2025,4 geographies + Global Brand Divisions = Total NIKE Brand,44714.0,44714.0,0.0,True
2025,"NIKE Brand + Converse + Corporate = Total NIKE, Inc.",46309.0,46309.0,0.0,True
2025,"Total NIKE, Inc. (10-K) = revenue from SEC API",46309.0,46309.0,0.0,True
2026,4 geographies + Global Brand Divisions = Total NIKE Brand,45222.0,45222.0,0.0,True
2026,"NIKE Brand + Converse + Corporate = Total NIKE, Inc.",46398.0,46398.0,0.0,True
2026,"Total NIKE, Inc. (10-K) = revenue from SEC API",46398.0,46398.0,0.0,True
2017,APLA: wholesale + direct = total,4737.0,4737.0,0.0,True
2017,EMEA: wholesale + direct = total,7970.0,7970.0,0.0,True
2017,Greater China: wholesale + direct = total,4237.0,4237.0,0.0,True
2017,North America: wholesale + direct = total,15216.0,15216.0,0.0,True
2018,APLA: wholesale + direct = total,5166.0,5166.0,0.0,True
2018,EMEA: wholesale + direct = total,9242.0,9242.0,0.0,True
2018,Greater China: wholesale + direct = total,5134.0,5134.0,0.0,True
2018,North America: wholesale + direct = total,14855.0,14855.0,0.0,True
2019,APLA: wholesale + direct = total,5254.0,5254.0,0.0,True
2019,EMEA: wholesale + direct = total,9812.0,9812.0,0.0,True
2019,Greater China: wholesale + direct = total,6208.0,6208.0,0.0,True
2019,North America: wholesale + direct = total,15902.0,15902.0,0.0,True
2020,APLA: wholesale + direct = total,5028.0,5028.0,0.0,True
2020,EMEA: wholesale + direct = total,9347.0,9347.0,0.0,True
2020,Greater China: wholesale + direct = total,6679.0,6679.0,0.0,True
2020,North America: wholesale + direct = total,14484.0,14484.0,0.0,True
2021,APLA: wholesale + direct = total,5343.0,5343.0,0.0,True
2021,EMEA: wholesale + direct = total,11456.0,11456.0,0.0,True
2021,Greater China: wholesale + direct = total,8290.0,8290.0,0.0,True
2021,North America: wholesale + direct = total,17179.0,17179.0,0.0,True
2022,APLA: wholesale + direct = total,5955.0,5955.0,0.0,True
2022,EMEA: wholesale + direct = total,12479.0,12479.0,0.0,True
2022,Greater China: wholesale + direct = total,7547.0,7547.0,0.0,True
2022,North America: wholesale + direct = total,18353.0,18353.0,0.0,True
2023,APLA: wholesale + direct = total,6431.0,6431.0,0.0,True
2023,EMEA: wholesale + direct = total,13418.0,13418.0,0.0,True
2023,Greater China: wholesale + direct = total,7248.0,7248.0,0.0,True
2023,North America: wholesale + direct = total,21608.0,21608.0,0.0,True
2024,APLA: wholesale + direct = total,6729.0,6729.0,0.0,True
2024,EMEA: wholesale + direct = total,13607.0,13607.0,0.0,True
2024,Greater China: wholesale + direct = total,7545.0,7545.0,0.0,True
2024,North America: wholesale + direct = total,21396.0,21396.0,0.0,True
2025,APLA: wholesale + direct = total,6251.0,6251.0,0.0,True
2025,EMEA: wholesale + direct = total,12257.0,12257.0,0.0,True
2025,Greater China: wholesale + direct = total,6586.0,6586.0,0.0,True
2025,North America: wholesale + direct = total,19572.0,19572.0,0.0,True
2026,APLA: wholesale + direct = total,6243.0,6243.0,0.0,True
2026,EMEA: wholesale + direct = total,12572.0,12572.0,0.0,True
2026,Greater China: wholesale + direct = total,5847.0,5847.0,0.0,True
2026,North America: wholesale + direct = total,20511.0,20511.0,0.0,True
