Fiscal year (ends May 31),North America revenue (USD m),EMEA revenue (USD m),Greater China revenue (USD m),APLA revenue (USD m),Global Brand Divisions revenue (USD m),Total NIKE Brand revenue (USD m),Converse revenue (USD m),Corporate revenue (USD m),"Total NIKE, Inc. revenue (USD m)",NIKE Brand wholesale (USD m),NIKE Brand direct / NIKE Direct (USD m),NIKE Direct share of NIKE Brand revenue (%) = direct / Total NIKE Brand
2017,15216.0,7970.0,4237.0,4737.0,73.0,32233.0,2042.0,75.0,34350.0,23078.0,9082.0,28.2
2018,14855.0,9242.0,5134.0,5166.0,88.0,34485.0,1886.0,26.0,36397.0,23969.0,10428.0,30.2
2019,15902.0,9812.0,6208.0,5254.0,42.0,37218.0,1906.0,-7.0,39117.0,25423.0,11753.0,31.6
2020,14484.0,9347.0,6679.0,5028.0,30.0,35568.0,1846.0,-11.0,37403.0,23156.0,12382.0,34.8
2021,17179.0,11456.0,8290.0,5343.0,25.0,42293.0,2205.0,40.0,44538.0,25898.0,16370.0,38.7
2022,18353.0,12479.0,7547.0,5955.0,102.0,44436.0,2346.0,-72.0,46710.0,25608.0,18726.0,42.1
2023,21608.0,13418.0,7248.0,6431.0,58.0,48763.0,2427.0,27.0,51217.0,27397.0,21308.0,43.7
2024,21396.0,13607.0,7545.0,6729.0,45.0,49322.0,2082.0,-42.0,51362.0,27758.0,21519.0,43.6
2025,19572.0,12257.0,6586.0,6251.0,48.0,44714.0,1692.0,-97.0,46309.0,25883.0,18783.0,42.0
2026,20511.0,12572.0,5847.0,6243.0,49.0,45222.0,1174.0,2.0,46398.0,27453.0,17720.0,39.2
