Fiscal year (ends May 31),Revenue (USD m),Gross profit (USD m),Selling & administrative expense (USD m),Operating income = gross profit - S&A (USD m),Operating cash flow (USD m),Capital expenditures (USD m),Income before income taxes (USD m),Income tax expense (USD m),Net income (USD m),Revenue growth (%),Gross margin (%) = gross profit / revenue,Operating margin (%) = operating income / revenue,S&A as % of revenue = S&A / revenue,Free cash flow = OCF - capex (USD m),FCF margin (%) = FCF / revenue,FCF conversion (%) = FCF / net income,"Check: pretax - tax - net income (USD m, should be 0)",Effective tax rate (%) = tax / pretax income,"Long-term debt, non-current (USD m)",Current portion of long-term debt (USD m),Notes payable / short-term borrowings (USD m),"Total debt, excl. leases (USD m)",Shareholders' equity (USD m),Cash and equivalents (USD m),Short-term investments (USD m),Invested capital = debt + equity - cash - ST investments (USD m),"Accounts receivable, net (USD m)",Inventories (USD m),Prepaid expenses and other current assets (USD m),Accounts payable (USD m),Accrued liabilities (USD m),Operating working capital = AR + inventories + prepaid - AP - accrued (USD m),Operating working capital as % of revenue,NOPAT at actual tax rate (USD m),ROIC at actual tax rate (%) = NOPAT / invested capital,NOPAT at normalized 15% tax rate (USD m),ROIC at normalized 15% tax rate (%)
2017,34350,15312,10563,4749,3846,1105,4886,646.0,4240,,44.58,13.83,30.75,2741,7.98,64.65,0.0,13.22,3471,6,325.0,3802.0,12407.0,3808,2371,10030.0,3677.0,5055.0,1150.0,2048.0,3011.0,4823.0,14.04,4121.11,41.09,4036.65,40.25
2018,36397,15956,11511,4445,4955,1028,4325,2392.0,1933,5.96,43.84,12.21,31.63,3927,10.79,203.16,0.0,55.31,3468,6,336.0,3810.0,9812.0,4249,996,8377.0,3498.0,5261.0,1130.0,2279.0,3269.0,4341.0,11.93,1986.63,23.72,3778.25,45.1
2019,39117,17474,12702,4772,5903,1119,4801,772.0,4029,7.47,44.67,12.2,32.47,4784,12.23,118.74,0.0,16.08,3464,6,9.0,3479.0,9040.0,4466,197,7856.0,4272.0,5622.0,1968.0,2612.0,5010.0,4240.0,10.84,4004.66,50.98,4056.2,51.63
2020,37403,16241,13126,3115,2485,1086,2887,348.0,2539,-4.38,43.42,8.33,35.09,1399,3.74,55.1,0.0,12.05,9406,3,248.0,9657.0,8055.0,8348,439,8925.0,2749.0,7367.0,1653.0,2248.0,5184.0,4337.0,11.6,2739.52,30.69,2647.75,29.67
2021,44538,19962,13025,6937,6657,695,6661,934.0,5727,19.08,44.82,15.58,29.24,5962,13.39,104.1,0.0,14.02,9413,0,2.0,9415.0,12767.0,9889,3587,8706.0,4463.0,6854.0,1498.0,2836.0,6063.0,3916.0,8.79,5964.3,68.51,5896.45,67.73
2022,46710,21479,14804,6675,5188,758,6651,605.0,6046,4.88,45.98,14.29,31.69,4430,9.48,73.27,0.0,9.1,8920,500,10.0,9430.0,15281.0,8574,4423,11714.0,4667.0,8420.0,2129.0,3358.0,6220.0,5638.0,12.07,6067.82,51.8,5673.75,48.44
2023,51217,22292,16377,5915,5841,969,6201,1131.0,5070,9.65,43.52,11.55,31.98,4872,9.51,96.09,0.0,18.24,8927,0,6.0,8933.0,14004.0,7441,3234,12262.0,4131.0,8454.0,1942.0,2862.0,5723.0,5942.0,11.6,4836.16,39.44,5027.75,41.0
2024,51362,22887,16576,6311,7429,812,6700,1000.0,5700,0.28,44.56,12.29,32.27,6617,12.88,116.09,0.0,14.93,7903,1000,6.0,8909.0,14430.0,9860,1722,11757.0,4427.0,7519.0,1854.0,2851.0,5725.0,5224.0,10.17,5369.06,45.67,5364.35,45.63
2025,46309,19790,16088,3702,3698,430,3885,666.0,3219,-9.84,42.73,7.99,34.74,3268,7.06,101.52,0.0,17.14,7961,0,5.0,7966.0,13213.0,7464,1687,12028.0,4717.0,7489.0,2005.0,3479.0,5916.0,4816.0,10.4,3067.37,25.5,3146.7,26.16
2026,46398,19911,16114,3797,2868,684,3900,792.0,3108,0.19,42.91,8.18,34.73,2184,4.71,70.27,0.0,20.31,5942,2000,0.0,7942.0,14865.0,7563,1464,13780.0,5931.0,7501.0,2144.0,3600.0,6092.0,5884.0,12.68,3025.92,21.96,3227.45,23.42
