Fiscal year (ends May 31),North America revenue (USD m),North America growth (%),EMEA revenue (USD m),EMEA growth (%),Greater China revenue (USD m),Greater China growth (%),APLA revenue (USD m),APLA growth (%),Converse revenue (USD m),Converse growth (%),NIKE Brand wholesale revenue (USD m),NIKE Brand wholesale growth (%),NIKE Direct revenue (USD m),NIKE Direct growth (%),NIKE Direct share of NIKE Brand revenue (%)
2017,15216,,7970,,4237,,4737,,2042,,23078,,9082,,28.2
2018,14855,-2.37,9242,15.96,5134,21.17,5166,9.06,1886,-7.64,23969,3.86,10428,14.82,30.2
2019,15902,7.05,9812,6.17,6208,20.92,5254,1.7,1906,1.06,25423,6.07,11753,12.71,31.6
2020,14484,-8.92,9347,-4.74,6679,7.59,5028,-4.3,1846,-3.15,23156,-8.92,12382,5.35,34.8
2021,17179,18.61,11456,22.56,8290,24.12,5343,6.26,2205,19.45,25898,11.84,16370,32.21,38.7
2022,18353,6.83,12479,8.93,7547,-8.96,5955,11.45,2346,6.39,25608,-1.12,18726,14.39,42.1
2023,21608,17.74,13418,7.52,7248,-3.96,6431,7.99,2427,3.45,27397,6.99,21308,13.79,43.7
2024,21396,-0.98,13607,1.41,7545,4.1,6729,4.63,2082,-14.22,27758,1.32,21519,0.99,43.6
2025,19572,-8.52,12257,-9.92,6586,-12.71,6251,-7.1,1692,-18.73,25883,-6.75,18783,-12.71,42.0
2026,20511,4.8,12572,2.57,5847,-11.22,6243,-0.13,1174,-30.61,27453,6.07,17720,-5.66,39.2
