Month end,Nike monthly return,S&P 500 monthly return
2021-10-31,0.151897,0.069144
2021-11-30,0.011656,-0.008334
2021-12-31,-0.013415,0.043613
2022-01-31,-0.111598,-0.052585
2022-02-28,-0.077801,-0.03136
2022-03-31,-0.012325,0.035773
2022-04-30,-0.073276,-0.087957
2022-05-31,-0.046913,5.3e-05
2022-06-30,-0.137962,-0.08392
2022-07-31,0.124462,0.091116
2022-08-31,-0.073704,-0.04244
2022-09-30,-0.216921,-0.093396
2022-10-31,0.115014,0.079863
2022-11-30,0.183535,0.053753
2022-12-31,0.070008,-0.058971
2023-01-31,0.088197,0.061753
2023-02-28,-0.06707,-0.026112
2023-03-31,0.035354,0.035052
2023-04-30,0.033268,0.014642
2023-05-31,-0.16935,0.002482
2023-06-30,0.051998,0.064727
2023-07-31,0.000181,0.031139
2023-08-31,-0.07863,-0.017716
2023-09-30,-0.056723,-0.048719
2023-10-31,0.074775,-0.02198
2023-11-30,0.072978,0.089179
2023-12-31,-0.012102,0.044229
2024-01-31,-0.064843,0.015896
2024-02-29,0.023638,0.051721
2024-03-31,-0.092507,0.031019
2024-04-30,-0.018302,-0.041615
2024-05-31,0.030241,0.048021
2024-06-30,-0.20395,0.03467
2024-07-31,-0.006767,0.011321
2024-08-31,0.113011,0.022835
2024-09-30,0.065702,0.020197
2024-10-31,-0.127489,-0.009897
2024-11-30,0.021263,0.057301
2024-12-31,-0.034452,-0.02499
2025-01-31,0.016255,0.027016
2025-02-28,0.0329,-0.014242
2025-03-31,-0.196761,-0.057545
2025-04-30,-0.111531,-0.007625
2025-05-31,0.074291,0.061524
2025-06-30,0.180263,0.049607
2025-07-31,0.051379,0.021667
2025-08-31,0.035882,0.019066
2025-09-30,-0.094063,0.035324
2025-10-31,-0.073713,0.022687
2025-11-30,0.000619,0.0013
2025-12-31,-0.007942,-0.000524
2026-01-31,-0.029823,0.013663
2026-02-28,0.005986,-0.008668
2026-03-31,-0.144892,-0.050933
2026-04-30,-0.160167,0.104233
2026-05-31,0.042155,0.05147
2026-06-30,-0.104103,-0.010646
2026-07-31,0.016078,-0.001285
2026-08-31,-0.063534,0.026225
2026-09-30,-0.084088,-0.004502
