Line (USD m unless % ),FY2026 actual,FY2027 forecast,FY2028 forecast,FY2029 forecast,FY2030 forecast,FY2031 forecast
Year number (t),0.0,1.0,2.0,3.0,4.0,5.0
Revenue growth,0.00192187263814803,-0.08,0.03,0.04,0.04,0.04
Revenue,46398.0,42686.16,43966.7448,45725.414592,47554.43117568,49456.6084227072
Operating margin,0.0818354239406871,0.0555,0.072875,0.09025,0.107625,0.125
Operating income,3797.0,2369.08188,3204.0765273,4126.718666928,5118.04565528256,6182.0760528384
Taxes on operating income,683.46,426.4347384,576.733774914,742.80936004704,921.248217950861,1112.77368951091
NOPAT (after-tax operating income),3113.54,1942.6471416,2627.342752386,3383.90930688096,4196.7974373317,5069.30236332749
Plus: depreciation & amortization,747.0,725.66472,747.4346616,777.332048064,808.42532998656,840.762343186023
Less: capital expenditures,684.0,853.7232,879.334896,914.50829184,951.0886235136,989.132168454144
Operating working capital (balance at year end),5884.0,4908.9084,5056.175652,5258.42267808,5468.7595852032,5687.50996861133
Less: increase in working capital,1068.0,-975.0916,147.267252000001,202.24702608,210.3369071232,218.750383408129
Free cash flow to the firm (FCFF),2108.54,2789.6802616,2348.175265986,3044.48603702496,3843.79723668146,4702.18215465124
Checks and comparisons,,,,,,
FCFF margin,0.0454446312341049,0.0653532728547145,0.0534079854368932,0.0665819230769231,0.0808294230769231,0.0950769230769231
Net reinvestment,1005.0,-847.03312,279.167486400001,339.423269856,353.00020065024,367.120208676251
Simple FCF reported in FY2026 (operating cash flow - capex),2184.0,,,,,
