operating_margin_by_fy2031,implied_growth_per_year_fy2028_31,value_check_usd,bisection_rounds,implied_growth_if_margin_reached_by_fy2030
0.06,0.21938476562499998,33.87044199362435,12,0.21865234374999998
0.07,0.159014892578125,33.87048042316827,15,0.1570556640625
0.08,0.110858154296875,33.86994451294137,15,0.108001708984375
0.09,0.07106933593749999,33.869718968705556,13,0.06751708984374999
0.1,0.037341308593750004,33.870213316931945,14,0.033203125
0.11,0.008172607421875002,33.86998527314356,15,0.003558349609375
0.12,-0.017443847656250004,33.86937114157285,14,-0.0224609375
0.125,-0.029144287109375003,33.86978919146331,15,-0.034344482421875
0.13,-0.040203857421875,33.87064247354744,15,-0.045587158203125006
0.14,-0.060665893554687496,33.86993869250355,16,-0.066351318359375
0.15,-0.079205322265625,33.86945953219772,15,-0.08517456054687499
0.16,-0.09612426757812499,33.86947907367123,15,-0.102349853515625
