"growth per year FY2028-31, after FY2027 at guidance (down) / operating margin by FY2031 (across)",6%,7%,8%,9%,10%,11%,12%,13%,14%,15%,16%
-2%,17.57,20.24,22.91,25.58,28.25,30.91,33.58,36.25,38.92,41.59,44.26
-1%,18.06,20.83,23.61,26.39,29.16,31.94,34.71,37.49,40.26,43.04,45.81
0%,18.57,21.45,24.33,27.22,30.1,32.99,35.87,38.76,41.64,44.53,47.41
1%,19.09,22.08,25.08,28.08,31.07,34.07,37.07,40.06,43.06,46.06,49.05
2%,19.62,22.73,25.85,28.96,32.07,35.18,38.3,41.41,44.52,47.63,50.75
3%,20.17,23.4,26.64,29.87,33.1,36.33,39.56,42.79,46.02,49.26,52.49
4%,20.74,24.09,27.45,30.8,34.15,37.51,40.86,44.22,47.57,50.92,54.28
5%,21.32,24.8,28.28,31.76,35.24,38.72,42.2,45.68,49.16,52.64,56.12
6%,21.92,25.53,29.14,32.75,36.36,39.96,43.57,47.18,50.79,54.4,58.01
7%,22.53,26.28,30.02,33.76,37.5,41.24,44.99,48.73,52.47,56.21,59.96
8%,23.16,27.04,30.92,34.8,38.68,42.56,46.44,50.32,54.2,58.07,61.95
