fiscal_year,revenue_usd_m,gross_profit_usd_m,sga_usd_m,operating_income_usd_m,one_offs_below_sga_usd_m,operating_income_incl_one_offs_usd_m,revenue_growth_pct,operating_margin_pct,operating_margin_incl_one_offs_pct,source
1993,3930.98,1543.99,922.26,621.73,0.0,621.73,,15.82,15.82,"10-K for FY1995, accession 0000320187-95-000013 (income statement, read from text)"
1994,3789.67,1488.24,974.1,514.15,0.0,514.15,-3.59,13.57,13.57,"10-K for FY1995, accession 0000320187-95-000013 (income statement, read from text)"
1995,4760.83,1895.55,1209.76,685.79,0.0,685.79,25.63,14.4,14.4,"10-K for FY1997, accession 0000912057-97-029601 (income statement, read from text)"
1996,6470.62,2563.88,1588.61,975.27,0.0,975.27,35.91,15.07,15.07,"10-K for FY1997, accession 0000912057-97-029601 (income statement, read from text)"
1997,9186.54,3683.55,2303.7,1379.84,0.0,1379.84,41.97,15.02,15.02,"10-K for FY1997, accession 0000912057-97-029601 (income statement, read from text)"
1998,9553.1,3487.6,2623.8,863.8,129.9,733.9,3.99,9.04,7.68,"10-K for FY2000, accession 0000912057-00-039514 (income statement, read from text)"
1999,8776.9,3283.4,2426.6,856.8,45.1,811.7,-8.13,9.76,9.25,"10-K for FY2000, accession 0000912057-00-039514 (income statement, read from text)"
2000,8995.1,3591.3,2606.4,984.9,-2.5,987.4,2.49,10.95,10.98,"10-K for FY2000, accession 0000912057-00-039514 (income statement, read from text)"
2001,9488.8,3703.9,2689.7,1014.2,0.0,1014.2,5.49,10.69,10.69,"10-K for FY2003, accession 0001193125-03-031022 (income statement, read from text)"
2002,9893.0,3888.3,2820.4,1067.9,0.0,1067.9,4.26,10.79,10.79,"10-K for FY2003, accession 0001193125-03-031022 (income statement, read from text)"
2003,10697.0,4383.4,3137.6,1245.8,0.0,1245.8,8.13,11.65,11.65,"10-K for FY2003, accession 0001193125-03-031022 (income statement, read from text)"
2004,12253.1,5251.7,3702.0,1549.7,0.0,1549.7,14.55,12.65,12.65,"10-K for FY2006, accession 0001193125-06-156152 (income statement, read from text)"
2005,13739.7,6115.4,4221.7,1893.7,0.0,1893.7,12.13,13.78,13.78,"10-K for FY2006, accession 0001193125-06-156152 (income statement, read from text)"
2006,14954.9,6587.0,4477.8,2109.2,0.0,2109.2,8.84,14.1,14.1,"10-K for FY2006, accession 0001193125-06-156152 (income statement, read from text)"
2007,16325.9,7160.5,5028.7,2131.8,0.0,2131.8,9.17,13.06,13.06,"10-K for FY2009, accession 0001193125-09-155951 (income statement, read from text)"
2008,18627.0,8387.4,5953.7,2433.7,0.0,2433.7,14.09,13.07,13.07,"SEC XBRL company facts, 10-K accession 0001193125-10-161874 filed 2010-07-20 (revenue tag SalesRevenueNet)"
2009,19176.0,8604.0,6150.0,2454.0,596.3,1857.7,2.95,12.8,9.69,"SEC XBRL company facts, 10-K accession 0001193125-11-194791 filed 2011-07-22 (revenue tag SalesRevenueNet)"
2010,19014.0,8800.0,6326.0,2474.0,0.0,2474.0,-0.84,13.01,13.01,"SEC XBRL company facts, 10-K accession 0001193125-12-312306 filed 2012-07-24 (revenue tag SalesRevenueNet)"
2011,20117.0,9202.0,6361.0,2841.0,0.0,2841.0,5.8,14.12,14.12,"SEC XBRL company facts, 10-K accession 0000320187-13-000092 filed 2013-07-23 (revenue tag SalesRevenueNet)"
2012,23331.0,10148.0,7079.0,3069.0,0.0,3069.0,15.98,13.15,13.15,"SEC XBRL company facts, 10-K accession 0000320187-14-000097 filed 2014-07-25 (revenue tag SalesRevenueNet)"
2013,25313.0,11034.0,7796.0,3238.0,0.0,3238.0,8.5,12.79,12.79,"SEC XBRL company facts, 10-K accession 0000320187-15-000113 filed 2015-07-23 (revenue tag SalesRevenueNet)"
2014,27799.0,12446.0,8766.0,3680.0,0.0,3680.0,9.82,13.24,13.24,"SEC XBRL company facts, 10-K accession 0000320187-16-000336 filed 2016-07-21 (revenue tag SalesRevenueNet)"
2015,30601.0,14067.0,9892.0,4175.0,0.0,4175.0,10.08,13.64,13.64,"SEC XBRL company facts, 10-K accession 0000320187-17-000090 filed 2017-07-20 (revenue tag SalesRevenueNet)"
2016,32376.0,14971.0,10469.0,4502.0,0.0,4502.0,5.8,13.91,13.91,"SEC XBRL company facts, 10-K accession 0000320187-18-000142 filed 2018-07-25 (revenue tag SalesRevenueNet)"
2017,34350.0,15312.0,10563.0,4749.0,0.0,4749.0,6.1,13.83,13.83,"SEC XBRL company facts, 10-K accession 0000320187-19-000051 filed 2019-07-23 (revenue tag RevenueFromContractWithCustomerExcludingAssessedTax)"
2018,36397.0,15956.0,11511.0,4445.0,0.0,4445.0,5.96,12.21,12.21,"SEC XBRL company facts, 10-K accession 0000320187-20-000047 filed 2020-07-24 (revenue tag RevenueFromContractWithCustomerExcludingAssessedTax)"
2019,39117.0,17474.0,12702.0,4772.0,0.0,4772.0,7.47,12.2,12.2,"SEC XBRL company facts, 10-K accession 0000320187-21-000028 filed 2021-07-20 (revenue tag RevenueFromContractWithCustomerExcludingAssessedTax)"
2020,37403.0,16241.0,13126.0,3115.0,0.0,3115.0,-4.38,8.33,8.33,"SEC XBRL company facts, 10-K accession 0000320187-22-000038 filed 2022-07-21 (revenue tag RevenueFromContractWithCustomerExcludingAssessedTax)"
2021,44538.0,19962.0,13025.0,6937.0,0.0,6937.0,19.08,15.58,15.58,"SEC XBRL company facts, 10-K accession 0000320187-23-000039 filed 2023-07-20 (revenue tag RevenueFromContractWithCustomerExcludingAssessedTax)"
2022,46710.0,21479.0,14804.0,6675.0,0.0,6675.0,4.88,14.29,14.29,"SEC XBRL company facts, 10-K accession 0000320187-24-000044 filed 2024-07-25 (revenue tag RevenueFromContractWithCustomerExcludingAssessedTax)"
2023,51217.0,22292.0,16377.0,5915.0,0.0,5915.0,9.65,11.55,11.55,"SEC XBRL company facts, 10-K accession 0000320187-25-000047 filed 2025-07-17 (revenue tag RevenueFromContractWithCustomerExcludingAssessedTax)"
2024,51362.0,22887.0,16576.0,6311.0,0.0,6311.0,0.28,12.29,12.29,"SEC XBRL company facts, 10-K accession 0000320187-26-000088 filed 2026-07-15 (revenue tag RevenueFromContractWithCustomerExcludingAssessedTax)"
2025,46309.0,19790.0,16088.0,3702.0,0.0,3702.0,-9.84,7.99,7.99,"SEC XBRL company facts, 10-K accession 0000320187-26-000088 filed 2026-07-15 (revenue tag RevenueFromContractWithCustomerExcludingAssessedTax)"
2026,46398.0,19911.0,16114.0,3797.0,0.0,3797.0,0.19,8.18,8.18,"SEC XBRL company facts, 10-K accession 0000320187-26-000088 filed 2026-07-15 (revenue tag RevenueFromContractWithCustomerExcludingAssessedTax)"
