company,calendar_year_label,fiscal_year_end,currency,revenue_m,operating_income_m,source,revenue_growth_pct,operating_margin_pct
Deckers,2015,2016-03-31,USD,1875.2,162.13,SEC 10-K accession 0000910521-18-000015 filed 2018-05-30 (XBRL company facts),3.2,8.65
Deckers,2016,2017-03-31,USD,1790.15,-1.92,SEC 10-K accession 0000910521-19-000011 filed 2019-05-30 (XBRL company facts),-4.54,-0.11
Deckers,2017,2018-03-31,USD,1903.34,222.58,SEC 10-K accession 0000910521-20-000016 filed 2020-06-01 (XBRL company facts),6.32,11.69
Deckers,2018,2019-03-31,USD,2020.44,327.32,SEC 10-K accession 0000910521-21-000017 filed 2021-05-28 (XBRL company facts),6.15,16.2
Deckers,2019,2020-03-31,USD,2132.69,338.14,SEC 10-K accession 0000910521-22-000017 filed 2022-05-27 (XBRL company facts),5.56,15.85
Deckers,2020,2021-03-31,USD,2545.64,504.2,SEC 10-K accession 0000910521-23-000016 filed 2023-05-26 (XBRL company facts),19.36,19.81
Deckers,2021,2022-03-31,USD,3150.34,564.71,SEC 10-K accession 0000910521-24-000017 filed 2024-05-24 (XBRL company facts),23.75,17.93
Deckers,2022,2023-03-31,USD,3627.29,652.75,SEC 10-K accession 0000910521-25-000017 filed 2025-05-23 (XBRL company facts),15.14,18.0
Deckers,2023,2024-03-31,USD,4287.76,927.51,SEC 10-K accession 0001628280-26-037664 filed 2026-05-22 (XBRL company facts),18.21,21.63
Deckers,2024,2025-03-31,USD,4985.61,1179.09,SEC 10-K accession 0001628280-26-037664 filed 2026-05-22 (XBRL company facts),16.28,23.65
Deckers,2025,2026-03-31,USD,5472.3,1262.9,SEC 10-K accession 0001628280-26-037664 filed 2026-05-22 (XBRL company facts),9.76,23.08
Lululemon,2015,2016-01-31,USD,2060.52,369.08,SEC 10-K accession 0001397187-18-000013 filed 2018-03-27 (XBRL company facts),14.65,17.91
Lululemon,2016,2017-01-29,USD,2344.39,421.15,SEC 10-K accession 0001397187-18-000013 filed 2018-03-27 (XBRL company facts),13.78,17.96
Lululemon,2017,2018-01-28,USD,2649.18,456.0,SEC 10-K accession 0001397187-20-000012 filed 2020-03-26 (XBRL company facts),13.0,17.21
Lululemon,2018,2019-02-03,USD,3288.32,705.84,SEC 10-K accession 0001397187-21-000009 filed 2021-03-30 (XBRL company facts),24.13,21.46
Lululemon,2019,2020-02-02,USD,3979.3,889.11,SEC 10-K accession 0001397187-22-000014 filed 2022-03-29 (XBRL company facts),21.01,22.34
Lululemon,2020,2021-01-31,USD,4401.88,819.99,SEC 10-K accession 0001397187-23-000012 filed 2023-03-28 (XBRL company facts),10.62,18.63
Lululemon,2021,2022-01-30,USD,6256.62,1333.36,SEC 10-K accession 0001397187-24-000010 filed 2024-03-21 (XBRL company facts),42.14,21.31
Lululemon,2022,2023-01-29,USD,8110.52,1328.41,SEC 10-K accession 0001397187-25-000013 filed 2025-03-27 (XBRL company facts),29.63,16.38
Lululemon,2023,2024-01-28,USD,9619.28,2132.68,SEC 10-K accession 0001397187-26-000020 filed 2026-03-17 (XBRL company facts),18.6,22.17
Lululemon,2024,2025-02-02,USD,10588.13,2505.7,SEC 10-K accession 0001397187-26-000020 filed 2026-03-17 (XBRL company facts),10.07,23.67
Lululemon,2025,2026-02-01,USD,11102.6,2210.61,SEC 10-K accession 0001397187-26-000020 filed 2026-03-17 (XBRL company facts),4.86,19.91
Nike,2015,2016-05-31,USD,32376.0,4502.0,"SEC XBRL company facts, 10-K accession 0000320187-18-000142 filed 2018-07-25 (revenue tag SalesRevenueNet)",5.8,13.91
Nike,2016,2017-05-31,USD,34350.0,4749.0,"SEC XBRL company facts, 10-K accession 0000320187-19-000051 filed 2019-07-23 (revenue tag RevenueFromContractWithCustomerExcludingAssessedTax)",6.1,13.83
Nike,2017,2018-05-31,USD,36397.0,4445.0,"SEC XBRL company facts, 10-K accession 0000320187-20-000047 filed 2020-07-24 (revenue tag RevenueFromContractWithCustomerExcludingAssessedTax)",5.96,12.21
Nike,2018,2019-05-31,USD,39117.0,4772.0,"SEC XBRL company facts, 10-K accession 0000320187-21-000028 filed 2021-07-20 (revenue tag RevenueFromContractWithCustomerExcludingAssessedTax)",7.47,12.2
Nike,2019,2020-05-31,USD,37403.0,3115.0,"SEC XBRL company facts, 10-K accession 0000320187-22-000038 filed 2022-07-21 (revenue tag RevenueFromContractWithCustomerExcludingAssessedTax)",-4.38,8.33
Nike,2020,2021-05-31,USD,44538.0,6937.0,"SEC XBRL company facts, 10-K accession 0000320187-23-000039 filed 2023-07-20 (revenue tag RevenueFromContractWithCustomerExcludingAssessedTax)",19.08,15.58
Nike,2021,2022-05-31,USD,46710.0,6675.0,"SEC XBRL company facts, 10-K accession 0000320187-24-000044 filed 2024-07-25 (revenue tag RevenueFromContractWithCustomerExcludingAssessedTax)",4.88,14.29
Nike,2022,2023-05-31,USD,51217.0,5915.0,"SEC XBRL company facts, 10-K accession 0000320187-25-000047 filed 2025-07-17 (revenue tag RevenueFromContractWithCustomerExcludingAssessedTax)",9.65,11.55
Nike,2023,2024-05-31,USD,51362.0,6311.0,"SEC XBRL company facts, 10-K accession 0000320187-26-000088 filed 2026-07-15 (revenue tag RevenueFromContractWithCustomerExcludingAssessedTax)",0.28,12.29
Nike,2024,2025-05-31,USD,46309.0,3702.0,"SEC XBRL company facts, 10-K accession 0000320187-26-000088 filed 2026-07-15 (revenue tag RevenueFromContractWithCustomerExcludingAssessedTax)",-9.84,7.99
Nike,2025,2026-05-31,USD,46398.0,3797.0,"SEC XBRL company facts, 10-K accession 0000320187-26-000088 filed 2026-07-15 (revenue tag RevenueFromContractWithCustomerExcludingAssessedTax)",0.19,8.18
On Holding,2019,2019-12-31,CHF,267.12,5.69,SEC 20-F accession 0001858985-22-000006 filed 2022-03-18 (XBRL company facts),,2.13
On Holding,2020,2020-12-31,CHF,425.3,-17.1,SEC 20-F accession 0001858985-23-000011 filed 2023-03-21 (XBRL company facts),59.22,-4.02
On Holding,2021,2021-12-31,CHF,724.6,-141.1,SEC 20-F accession 0001858985-24-000012 filed 2024-03-12 (XBRL company facts),70.37,-19.47
On Holding,2022,2022-12-31,CHF,1222.1,85.1,SEC 20-F accession 0001858985-25-000003 filed 2025-03-04 (XBRL company facts),68.66,6.96
On Holding,2023,2023-12-31,CHF,1792.1,180.2,SEC 20-F accession 0001858985-26-000008 filed 2026-03-03 (XBRL company facts),46.64,10.06
On Holding,2024,2024-12-31,CHF,2318.3,211.6,SEC 20-F accession 0001858985-26-000008 filed 2026-03-03 (XBRL company facts),29.36,9.13
On Holding,2025,2025-12-31,CHF,3014.0,377.0,SEC 20-F accession 0001858985-26-000008 filed 2026-03-03 (XBRL company facts),30.01,12.51
Puma,2016,2016-12-31,EUR,3626.7,127.6,"NON-SEC: Puma Annual Report 2025, https://annual-report.puma.com/2025/en/additional-information/puma-group-development/index.html (saved as data/raw/competitors/puma_AR2025_group_development_2026-10-04.html); reported EBIT incl. one-offs; 2024 adjusted for discontinued PUMA United (footnote 1)",,3.52
Puma,2017,2017-12-31,EUR,4135.9,244.6,"NON-SEC: Puma Annual Report 2025, https://annual-report.puma.com/2025/en/additional-information/puma-group-development/index.html (saved as data/raw/competitors/puma_AR2025_group_development_2026-10-04.html); reported EBIT incl. one-offs; 2024 adjusted for discontinued PUMA United (footnote 1)",14.04,5.91
Puma,2018,2018-12-31,EUR,4648.3,337.4,"NON-SEC: Puma Annual Report 2025, https://annual-report.puma.com/2025/en/additional-information/puma-group-development/index.html (saved as data/raw/competitors/puma_AR2025_group_development_2026-10-04.html); reported EBIT incl. one-offs; 2024 adjusted for discontinued PUMA United (footnote 1)",12.39,7.26
Puma,2019,2019-12-31,EUR,5502.2,440.2,"NON-SEC: Puma Annual Report 2025, https://annual-report.puma.com/2025/en/additional-information/puma-group-development/index.html (saved as data/raw/competitors/puma_AR2025_group_development_2026-10-04.html); reported EBIT incl. one-offs; 2024 adjusted for discontinued PUMA United (footnote 1)",18.37,8.0
Puma,2020,2020-12-31,EUR,5234.4,209.2,"NON-SEC: Puma Annual Report 2025, https://annual-report.puma.com/2025/en/additional-information/puma-group-development/index.html (saved as data/raw/competitors/puma_AR2025_group_development_2026-10-04.html); reported EBIT incl. one-offs; 2024 adjusted for discontinued PUMA United (footnote 1)",-4.87,4.0
Puma,2021,2021-12-31,EUR,6805.4,557.1,"NON-SEC: Puma Annual Report 2025, https://annual-report.puma.com/2025/en/additional-information/puma-group-development/index.html (saved as data/raw/competitors/puma_AR2025_group_development_2026-10-04.html); reported EBIT incl. one-offs; 2024 adjusted for discontinued PUMA United (footnote 1)",30.01,8.19
Puma,2022,2022-12-31,EUR,8465.1,640.6,"NON-SEC: Puma Annual Report 2025, https://annual-report.puma.com/2025/en/additional-information/puma-group-development/index.html (saved as data/raw/competitors/puma_AR2025_group_development_2026-10-04.html); reported EBIT incl. one-offs; 2024 adjusted for discontinued PUMA United (footnote 1)",24.39,7.57
Puma,2023,2023-12-31,EUR,8601.7,621.6,"NON-SEC: Puma Annual Report 2025, https://annual-report.puma.com/2025/en/additional-information/puma-group-development/index.html (saved as data/raw/competitors/puma_AR2025_group_development_2026-10-04.html); reported EBIT incl. one-offs; 2024 adjusted for discontinued PUMA United (footnote 1)",1.61,7.23
Puma,2024,2024-12-31,EUR,8398.0,548.7,"NON-SEC: Puma Annual Report 2025, https://annual-report.puma.com/2025/en/additional-information/puma-group-development/index.html (saved as data/raw/competitors/puma_AR2025_group_development_2026-10-04.html); reported EBIT incl. one-offs; 2024 adjusted for discontinued PUMA United (footnote 1)",-2.37,6.53
Puma,2025,2025-12-31,EUR,7296.2,-357.2,"NON-SEC: Puma Annual Report 2025, https://annual-report.puma.com/2025/en/additional-information/puma-group-development/index.html (saved as data/raw/competitors/puma_AR2025_group_development_2026-10-04.html); reported EBIT incl. one-offs; 2024 adjusted for discontinued PUMA United (footnote 1)",-13.12,-4.9
adidas,2016,2016-12-31,EUR,18483.0,1582.0,"NON-SEC: adidas Annual Report 2025, https://report.adidas-group.com/2025/en/additional-information/ten-year-overview.html (saved as data/raw/competitors/adidas_AR2025_ten_year_overview_2026-10-04.html); continuing operations: 2016-19 incl. Reebok, 2020-25 excl. Reebok (footnotes 3-4)",,8.56
adidas,2017,2017-12-31,EUR,21218.0,2070.0,"NON-SEC: adidas Annual Report 2025, https://report.adidas-group.com/2025/en/additional-information/ten-year-overview.html (saved as data/raw/competitors/adidas_AR2025_ten_year_overview_2026-10-04.html); continuing operations: 2016-19 incl. Reebok, 2020-25 excl. Reebok (footnotes 3-4)",14.8,9.76
adidas,2018,2018-12-31,EUR,21915.0,2368.0,"NON-SEC: adidas Annual Report 2025, https://report.adidas-group.com/2025/en/additional-information/ten-year-overview.html (saved as data/raw/competitors/adidas_AR2025_ten_year_overview_2026-10-04.html); continuing operations: 2016-19 incl. Reebok, 2020-25 excl. Reebok (footnotes 3-4)",3.28,10.81
adidas,2019,2019-12-31,EUR,23640.0,2660.0,"NON-SEC: adidas Annual Report 2025, https://report.adidas-group.com/2025/en/additional-information/ten-year-overview.html (saved as data/raw/competitors/adidas_AR2025_ten_year_overview_2026-10-04.html); continuing operations: 2016-19 incl. Reebok, 2020-25 excl. Reebok (footnotes 3-4)",7.87,11.25
adidas,2020,2020-12-31,EUR,18435.0,746.0,"NON-SEC: adidas Annual Report 2025, https://report.adidas-group.com/2025/en/additional-information/ten-year-overview.html (saved as data/raw/competitors/adidas_AR2025_ten_year_overview_2026-10-04.html); continuing operations: 2016-19 incl. Reebok, 2020-25 excl. Reebok (footnotes 3-4)",,4.05
adidas,2021,2021-12-31,EUR,21234.0,1986.0,"NON-SEC: adidas Annual Report 2025, https://report.adidas-group.com/2025/en/additional-information/ten-year-overview.html (saved as data/raw/competitors/adidas_AR2025_ten_year_overview_2026-10-04.html); continuing operations: 2016-19 incl. Reebok, 2020-25 excl. Reebok (footnotes 3-4)",15.18,9.35
adidas,2022,2022-12-31,EUR,22511.0,669.0,"NON-SEC: adidas Annual Report 2025, https://report.adidas-group.com/2025/en/additional-information/ten-year-overview.html (saved as data/raw/competitors/adidas_AR2025_ten_year_overview_2026-10-04.html); continuing operations: 2016-19 incl. Reebok, 2020-25 excl. Reebok (footnotes 3-4)",6.01,2.97
adidas,2023,2023-12-31,EUR,21427.0,268.0,"NON-SEC: adidas Annual Report 2025, https://report.adidas-group.com/2025/en/additional-information/ten-year-overview.html (saved as data/raw/competitors/adidas_AR2025_ten_year_overview_2026-10-04.html); continuing operations: 2016-19 incl. Reebok, 2020-25 excl. Reebok (footnotes 3-4)",-4.82,1.25
adidas,2024,2024-12-31,EUR,23683.0,1337.0,"NON-SEC: adidas Annual Report 2025, https://report.adidas-group.com/2025/en/additional-information/ten-year-overview.html (saved as data/raw/competitors/adidas_AR2025_ten_year_overview_2026-10-04.html); continuing operations: 2016-19 incl. Reebok, 2020-25 excl. Reebok (footnotes 3-4)",10.53,5.65
adidas,2025,2025-12-31,EUR,24811.0,2056.0,"NON-SEC: adidas Annual Report 2025, https://report.adidas-group.com/2025/en/additional-information/ten-year-overview.html (saved as data/raw/competitors/adidas_AR2025_ten_year_overview_2026-10-04.html); continuing operations: 2016-19 incl. Reebok, 2020-25 excl. Reebok (footnotes 3-4)",4.76,8.29
