company,item,value,currency,period,source
Nike,Revenue TTM,45891.0,USD,2026-08-31,"RevenueFromContractWithCustomerExcludingAssessedTax 2025-06-01..2026-05-31 = 46,398.0m (10-K 0000320187-26-000088 filed 2026-07-15); RevenueFromContractWithCustomerExcludingAssessedTax 2026-06-01..2026-08-31 = 11,213.0m (10-Q 0000320187-26-000193 filed 2026-10-02); RevenueFromContractWithCustomerExcludingAssessedTax 2025-06-01..2025-08-31 = 11,720.0m (10-Q 0000320187-26-000193 filed 2026-10-02); RevenueFromContractWithCustomerExcludingAssessedTax 2024-06-01..2025-05-31 = 46,309.0m (10-K 0000320187-26-000088 filed 2026-07-15); RevenueFromContractWithCustomerExcludingAssessedTax 2024-06-01..2024-08-31 = 11,589.0m (10-Q 0000320187-25-000097 filed 2025-10-01)"
Nike,Revenue TTM one year earlier,46440.0,USD,,same filings as above
Nike,Gross profit TTM,19766.0,USD,2026-08-31,"GrossProfit 2025-06-01..2026-05-31 = 19,911.0m (10-K 0000320187-26-000088 filed 2026-07-15); GrossProfit 2026-06-01..2026-08-31 = 4,798.0m (10-Q 0000320187-26-000193 filed 2026-10-02); GrossProfit 2025-06-01..2025-08-31 = 4,943.0m (10-Q 0000320187-26-000193 filed 2026-10-02)"
Nike,Selling & administrative expense TTM,16008.0,USD,2026-08-31,"SellingGeneralAndAdministrativeExpense 2025-06-01..2026-05-31 = 16,114.0m (10-K 0000320187-26-000088 filed 2026-07-15); SellingGeneralAndAdministrativeExpense 2026-06-01..2026-08-31 = 3,910.0m (10-Q 0000320187-26-000193 filed 2026-10-02); SellingGeneralAndAdministrativeExpense 2025-06-01..2025-08-31 = 4,016.0m (10-Q 0000320187-26-000193 filed 2026-10-02)"
Nike,Operating income TTM (gross profit - S&A),3758.0,USD,2026-08-31,calculated
Nike,Depreciation & amortization TTM,750.0,USD,2026-08-31,DepreciationDepletionAndAmortization 2025-06-01..2026-05-31 = 747.0m (10-K 0000320187-26-000088 filed 2026-07-15); DepreciationDepletionAndAmortization 2026-06-01..2026-08-31 = 193.0m (10-Q 0000320187-26-000193 filed 2026-10-02); DepreciationDepletionAndAmortization 2025-06-01..2025-08-31 = 190.0m (10-Q 0000320187-26-000193 filed 2026-10-02)
Nike,Net income TTM,3093.0,USD,2026-08-31,"NetIncomeLoss 2025-06-01..2026-05-31 = 3,108.0m (10-K 0000320187-26-000088 filed 2026-07-15); NetIncomeLoss 2026-06-01..2026-08-31 = 712.0m (10-Q 0000320187-26-000193 filed 2026-10-02); NetIncomeLoss 2025-06-01..2025-08-31 = 727.0m (10-Q 0000320187-26-000193 filed 2026-10-02)"
Nike,"Revenue, latest fiscal year",46398.0,USD,2026-05-31,"RevenueFromContractWithCustomerExcludingAssessedTax 2025-06-01..2026-05-31 = 46,398.0m (10-K 0000320187-26-000088 filed 2026-07-15)"
Nike,"Revenue, fiscal year at start of CAGR window",51217.0,USD,2023-05-31,"RevenueFromContractWithCustomerExcludingAssessedTax 2022-06-01..2023-05-31 = 51,217.0m (10-K 0000320187-25-000047 filed 2025-07-17); window 3.00 years"
Nike,Debt excl. leases,7893.0,USD,2026-08-31,output/04_latest_balance_sheet_and_shares.csv (Nike 10-Q filed 2026-10-02)
Nike,Cash (and short-term investments),8368.0,USD,2026-08-31,output/04_latest_balance_sheet_and_shares.csv (Nike 10-Q filed 2026-10-02)
Nike,"Diluted weighted-average shares, latest quarter (m)",1484.2,shares,2026-08-31,output/04_latest_balance_sheet_and_shares.csv (Nike 10-Q filed 2026-10-02)
Nike,Operating lease liabilities (check only),3179.0,USD,2026-08-31,"OperatingLeaseLiabilityCurrent = 473.0m (10-Q 0000320187-26-000193 filed 2026-10-02); OperatingLeaseLiabilityNoncurrent = 2,706.0m (10-Q 0000320187-26-000193 filed 2026-10-02)"
Nike,"Operating lease cost, latest fiscal year (check only)",693.0,USD,2026-05-31,OperatingLeaseCost 2025-06-01..2026-05-31 = 693.0m (10-K 0000320187-26-000088 filed 2026-07-15)
Lululemon,Revenue TTM,11093.955,USD,2026-08-02,"RevenueFromContractWithCustomerExcludingAssessedTax 2025-02-03..2026-02-01 = 11,102.6m (10-K 0001397187-26-000020 filed 2026-03-17); RevenueFromContractWithCustomerExcludingAssessedTax 2026-02-02..2026-08-02 = 4,887.2m (10-Q 0001397187-26-000127 filed 2026-09-03); RevenueFromContractWithCustomerExcludingAssessedTax 2025-02-03..2025-08-03 = 4,895.9m (10-Q 0001397187-26-000127 filed 2026-09-03); RevenueFromContractWithCustomerExcludingAssessedTax 2024-01-29..2025-02-02 = 10,588.1m (10-K 0001397187-26-000020 filed 2026-03-17); RevenueFromContractWithCustomerExcludingAssessedTax 2024-01-29..2024-07-28 = 4,580.0m (10-Q 0001397187-25-000039 filed 2025-09-04)"
Lululemon,Revenue TTM one year earlier,10904.036,USD,,same filings as above
Lululemon,Operating income TTM,1978.775,USD,2026-08-02,"OperatingIncomeLoss 2025-02-03..2026-02-01 = 2,210.6m (10-K 0001397187-26-000020 filed 2026-03-17); OperatingIncomeLoss 2026-02-02..2026-08-02 = 730.6m (10-Q 0001397187-26-000127 filed 2026-09-03); OperatingIncomeLoss 2025-02-03..2025-08-03 = 962.4m (10-Q 0001397187-26-000127 filed 2026-09-03)"
Lululemon,Depreciation & amortization TTM,539.651,USD,2026-08-02,DepreciationDepletionAndAmortization 2025-02-03..2026-02-01 = 496.2m (10-K 0001397187-26-000020 filed 2026-03-17); DepreciationDepletionAndAmortization 2026-02-02..2026-08-02 = 277.7m (10-Q 0001397187-26-000127 filed 2026-09-03); DepreciationDepletionAndAmortization 2025-02-03..2025-08-03 = 234.2m (10-Q 0001397187-26-000127 filed 2026-09-03)
Lululemon,Net income TTM,1417.977,USD,2026-08-02,"NetIncomeLoss 2025-02-03..2026-02-01 = 1,579.2m (10-K 0001397187-26-000020 filed 2026-03-17); NetIncomeLoss 2026-02-02..2026-08-02 = 524.3m (10-Q 0001397187-26-000127 filed 2026-09-03); NetIncomeLoss 2025-02-03..2025-08-03 = 685.5m (10-Q 0001397187-26-000127 filed 2026-09-03)"
Lululemon,"Revenue, latest fiscal year",11102.6,USD,2026-02-01,"RevenueFromContractWithCustomerExcludingAssessedTax 2025-02-03..2026-02-01 = 11,102.6m (10-K 0001397187-26-000020 filed 2026-03-17)"
Lululemon,"Revenue, fiscal year at start of CAGR window",8110.518,USD,2023-01-29,"RevenueFromContractWithCustomerExcludingAssessedTax 2022-01-31..2023-01-29 = 8,110.5m (10-K 0001397187-25-000013 filed 2025-03-27); window 3.01 years"
Lululemon,Debt excl. leases,0.0,USD,2026-08-02,ShortTermBorrowings = 0.0m (10-Q 0001397187-26-000127 filed 2026-09-03); OtherBorrowings = 0.0m (10-Q 0001397187-26-000127 filed 2026-09-03)
Lululemon,Cash (and short-term investments),1389.737,USD,2026-08-02,"CashCashEquivalentsRestrictedCashAndRestrictedCashEquivalents = 1,389.7m (10-Q 0001397187-26-000127 filed 2026-09-03)"
Lululemon,"Diluted weighted-average shares, latest quarter (m)",112.919,shares,2026-08-02,WeightedAverageNumberOfDilutedSharesOutstanding 2026-05-04..2026-08-02 = 112.9m (10-Q 0001397187-26-000127 filed 2026-09-03)
Lululemon,Operating lease liabilities (check only),2141.127,USD,2026-08-02,"OperatingLeaseLiabilityCurrent = 366.6m (10-Q 0001397187-26-000127 filed 2026-09-03); OperatingLeaseLiabilityNoncurrent = 1,774.5m (10-Q 0001397187-26-000127 filed 2026-09-03)"
Lululemon,"Operating lease cost, latest fiscal year (check only)",405.987,USD,2026-02-01,OperatingLeaseCost 2025-02-03..2026-02-01 = 406.0m (10-K 0001397187-26-000020 filed 2026-03-17)
Deckers,Revenue TTM,5527.289,USD,2026-06-30,"RevenueFromContractWithCustomerExcludingAssessedTax 2025-04-01..2026-03-31 = 5,472.3m (10-K 0001628280-26-037664 filed 2026-05-22); RevenueFromContractWithCustomerExcludingAssessedTax 2026-04-01..2026-06-30 = 1,019.5m (10-Q 0000910521-26-000022 filed 2026-07-30); RevenueFromContractWithCustomerExcludingAssessedTax 2025-04-01..2025-06-30 = 964.5m (10-Q 0000910521-26-000022 filed 2026-07-30); RevenueFromContractWithCustomerExcludingAssessedTax 2024-04-01..2025-03-31 = 4,985.6m (10-K 0001628280-26-037664 filed 2026-05-22); RevenueFromContractWithCustomerExcludingAssessedTax 2024-04-01..2024-06-30 = 825.3m (10-Q 0000910521-25-000037 filed 2025-07-31)"
Deckers,Revenue TTM one year earlier,5124.803,USD,,same filings as above
Deckers,Operating income TTM,1252.917,USD,2026-06-30,"OperatingIncomeLoss 2025-04-01..2026-03-31 = 1,262.9m (10-K 0001628280-26-037664 filed 2026-05-22); OperatingIncomeLoss 2026-04-01..2026-06-30 = 155.3m (10-Q 0000910521-26-000022 filed 2026-07-30); OperatingIncomeLoss 2025-04-01..2025-06-30 = 165.3m (10-Q 0000910521-26-000022 filed 2026-07-30)"
Deckers,Depreciation & amortization TTM,74.062,USD,2026-06-30,DepreciationAmortizationAndAccretionNet 2025-04-01..2026-03-31 = 75.8m (10-K 0001628280-26-037664 filed 2026-05-22); DepreciationAmortizationAndAccretionNet 2026-04-01..2026-06-30 = 17.7m (10-Q 0000910521-26-000022 filed 2026-07-30); DepreciationAmortizationAndAccretionNet 2025-04-01..2025-06-30 = 19.4m (10-Q 0000910521-26-000022 filed 2026-07-30)
Deckers,Net income TTM,1014.84,USD,2026-06-30,"NetIncomeLoss 2025-04-01..2026-03-31 = 1,024.1m (10-K 0001628280-26-037664 filed 2026-05-22); NetIncomeLoss 2026-04-01..2026-06-30 = 130.0m (10-Q 0000910521-26-000022 filed 2026-07-30); NetIncomeLoss 2025-04-01..2025-06-30 = 139.2m (10-Q 0000910521-26-000022 filed 2026-07-30)"
Deckers,"Revenue, latest fiscal year",5472.296,USD,2026-03-31,"RevenueFromContractWithCustomerExcludingAssessedTax 2025-04-01..2026-03-31 = 5,472.3m (10-K 0001628280-26-037664 filed 2026-05-22)"
Deckers,"Revenue, fiscal year at start of CAGR window",3627.286,USD,2023-03-31,"RevenueFromContractWithCustomerExcludingAssessedTax 2022-04-01..2023-03-31 = 3,627.3m (10-K 0000910521-25-000017 filed 2025-05-23); window 3.00 years"
Deckers,Debt excl. leases,0.0,USD,2026-06-30,"ShortTermBorrowings: no value at 2026-06-30, counted as 0; LongTermDebt: no value at 2026-06-30, counted as 0"
Deckers,Cash (and short-term investments),1602.589,USD,2026-06-30,"CashAndCashEquivalentsAtCarryingValue = 1,602.6m (10-Q 0000910521-26-000022 filed 2026-07-30)"
Deckers,"Diluted weighted-average shares, latest quarter (m)",138.559,shares,2026-06-30,WeightedAverageNumberOfDilutedSharesOutstanding 2026-04-01..2026-06-30 = 138.6m (10-Q 0000910521-26-000022 filed 2026-07-30)
Deckers,Operating lease liabilities (check only),472.334,USD,2026-06-30,OperatingLeaseLiabilityCurrent = 73.4m (10-Q 0000910521-26-000022 filed 2026-07-30); OperatingLeaseLiabilityNoncurrent = 399.0m (10-Q 0000910521-26-000022 filed 2026-07-30)
Deckers,"Operating lease cost, latest fiscal year (check only)",88.921,USD,2026-03-31,OperatingLeaseCost 2025-04-01..2026-03-31 = 88.9m (10-K 0001628280-26-037664 filed 2026-05-22)
Under Armour,Revenue TTM,4930.229,USD,2026-06-30,"RevenueFromContractWithCustomerExcludingAssessedTax 2025-04-01..2026-03-31 = 4,966.4m (10-K 0001336917-26-000073 filed 2026-05-19); RevenueFromContractWithCustomerExcludingAssessedTax 2026-04-01..2026-06-30 = 1,097.9m (10-Q 0001336917-26-000111 filed 2026-08-07); RevenueFromContractWithCustomerExcludingAssessedTax 2025-04-01..2025-06-30 = 1,134.1m (10-Q 0001336917-26-000111 filed 2026-08-07); RevenueFromContractWithCustomerExcludingAssessedTax 2024-04-01..2025-03-31 = 5,164.3m (10-K 0001336917-26-000073 filed 2026-05-19); RevenueFromContractWithCustomerExcludingAssessedTax 2024-04-01..2024-06-30 = 1,183.7m (10-Q 0001336917-25-000136 filed 2025-08-08)"
Under Armour,Revenue TTM one year earlier,5114.713,USD,,same filings as above
Under Armour,Operating income TTM,-119.696,USD,2026-06-30,OperatingIncomeLoss 2025-04-01..2026-03-31 = -163.1m (10-K 0001336917-26-000073 filed 2026-05-19); OperatingIncomeLoss 2026-04-01..2026-06-30 = 46.7m (10-Q 0001336917-26-000111 filed 2026-08-07); OperatingIncomeLoss 2025-04-01..2025-06-30 = 3.3m (10-Q 0001336917-26-000111 filed 2026-08-07)
Under Armour,Depreciation & amortization TTM,106.06,USD,2026-06-30,DepreciationDepletionAndAmortization 2025-04-01..2026-03-31 = 109.6m (10-K 0001336917-26-000073 filed 2026-05-19); DepreciationDepletionAndAmortization 2026-04-01..2026-06-30 = 25.4m (10-Q 0001336917-26-000111 filed 2026-08-07); DepreciationDepletionAndAmortization 2025-04-01..2025-06-30 = 29.0m (10-Q 0001336917-26-000111 filed 2026-08-07)
Under Armour,Net income TTM,-492.486,USD,2026-06-30,NetIncomeLoss 2025-04-01..2026-03-31 = -495.6m (10-K 0001336917-26-000073 filed 2026-05-19); NetIncomeLoss 2026-04-01..2026-06-30 = 0.5m (10-Q 0001336917-26-000111 filed 2026-08-07); NetIncomeLoss 2025-04-01..2025-06-30 = -2.6m (10-Q 0001336917-26-000111 filed 2026-08-07)
Under Armour,"Revenue, latest fiscal year",4966.37,USD,2026-03-31,"RevenueFromContractWithCustomerExcludingAssessedTax 2025-04-01..2026-03-31 = 4,966.4m (10-K 0001336917-26-000073 filed 2026-05-19)"
Under Armour,"Revenue, fiscal year at start of CAGR window",5903.165,USD,2023-03-31,"RevenueFromContractWithCustomerExcludingAssessedTax 2022-04-01..2023-03-31 = 5,903.2m (10-K 0001336917-25-000078 filed 2025-05-22); window 3.00 years"
Under Armour,Debt excl. leases,591.158,USD,2026-06-30,LongTermDebtNoncurrent = 591.2m (10-Q 0001336917-26-000111 filed 2026-08-07); LongTermDebtCurrent = 0.0m (10-Q 0001336917-26-000111 filed 2026-08-07)
Under Armour,Cash (and short-term investments),395.981,USD,2026-06-30,CashAndCashEquivalentsAtCarryingValue = 396.0m (10-Q 0001336917-26-000111 filed 2026-08-07)
Under Armour,"Diluted weighted-average shares, latest quarter (m)",431.937,shares,2026-06-30,WeightedAverageNumberOfDilutedSharesOutstanding 2026-04-01..2026-06-30 = 431.9m (10-Q 0001336917-26-000111 filed 2026-08-07)
Under Armour,Operating lease liabilities (check only),784.919,USD,2026-06-30,OperatingLeaseLiabilityCurrent = 152.6m (10-Q 0001336917-26-000111 filed 2026-08-07); OperatingLeaseLiabilityNoncurrent = 632.3m (10-Q 0001336917-26-000111 filed 2026-08-07)
Under Armour,"Operating lease cost, latest fiscal year (check only)",152.208,USD,2026-03-31,OperatingLeaseCost 2025-04-01..2026-03-31 = 152.2m (10-K 0001336917-26-000073 filed 2026-05-19)
Under Armour,Restructuring and impairment charges TTM (check only),118.899,USD,2026-06-30,RestructuringCostsAndAssetImpairmentCharges 2025-04-01..2026-03-31 = 127.7m (10-K 0001336917-26-000073 filed 2026-05-19); RestructuringCostsAndAssetImpairmentCharges 2026-04-01..2026-06-30 = 4.0m (10-Q 0001336917-26-000111 filed 2026-08-07); RestructuringCostsAndAssetImpairmentCharges 2025-04-01..2025-06-30 = 12.8m (10-Q 0001336917-26-000111 filed 2026-08-07)
On Holding,Revenue TTM,3220.4,CHF,2026-06-30,"RevenueFromContractsWithCustomers 2025-01-01..2025-12-31 = 3,014.0m (20-F 0001858985-26-000008 filed 2026-03-03); RevenueFromContractsWithCustomers 2026-01-01..2026-06-30 = 1,682.2m (6-K 0001858985-26-000018 filed 2026-08-11); RevenueFromContractsWithCustomers 2025-01-01..2025-06-30 = 1,475.8m (6-K 0001858985-26-000018 filed 2026-08-11)"
On Holding,Revenue TTM one year earlier,2718.2,CHF,,"RevenueFromContractsWithCustomers 2024-01-01..2024-12-31 = 2,318.3m (20-F 0001858985-26-000008 filed 2026-03-03); RevenueFromContractsWithCustomers 2024-01-01..2024-06-30 = 1,075.9m (6-K 0001858985-25-000012 filed 2025-08-12)"
On Holding,Operating result TTM,444.1,CHF,2026-06-30,ProfitLossFromOperatingActivities 2025-01-01..2025-12-31 = 377.0m (20-F 0001858985-26-000008 filed 2026-03-03); ProfitLossFromOperatingActivities 2026-01-01..2026-06-30 = 236.9m (6-K 0001858985-26-000018 filed 2026-08-11); ProfitLossFromOperatingActivities 2025-01-01..2025-06-30 = 169.8m (6-K 0001858985-26-000018 filed 2026-08-11)
On Holding,Depreciation & amortization TTM,138.8,CHF,2026-06-30,AdjustmentsForDepreciationAndAmortisationExpense 2025-01-01..2025-12-31 = 127.4m (20-F 0001858985-26-000008 filed 2026-03-03); AdjustmentsForDepreciationAndAmortisationExpense 2026-01-01..2026-06-30 = 72.1m (6-K 0001858985-26-000018 filed 2026-08-11); AdjustmentsForDepreciationAndAmortisationExpense 2025-01-01..2025-06-30 = 60.7m (6-K 0001858985-26-000018 filed 2026-08-11)
On Holding,Right-of-use (lease) depreciation TTM,87.9,CHF,2026-06-30,DepreciationRightofuseAssets 2025-01-01..2025-12-31 = 79.4m (20-F 0001858985-26-000008 filed 2026-03-03); DepreciationRightofuseAssets 2026-01-01..2026-06-30 = 45.4m (6-K 0001858985-26-000018 filed 2026-08-11); DepreciationRightofuseAssets 2025-01-01..2025-06-30 = 36.9m (6-K 0001858985-26-000018 filed 2026-08-11)
On Holding,Interest on lease liabilities TTM,24.0,CHF,2026-06-30,InterestExpenseOnLeaseLiabilities 2025-01-01..2025-12-31 = 21.4m (20-F 0001858985-26-000008 filed 2026-03-03); InterestExpenseOnLeaseLiabilities 2026-01-01..2026-06-30 = 12.5m (6-K 0001858985-26-000018 filed 2026-08-11); InterestExpenseOnLeaseLiabilities 2025-01-01..2025-06-30 = 9.9m (6-K 0001858985-26-000018 filed 2026-08-11)
On Holding,Net income attributable to shareholders TTM,396.2,CHF,2026-06-30,ProfitLossAttributableToOwnersOfParent 2025-01-01..2025-12-31 = 203.7m (20-F 0001858985-26-000008 filed 2026-03-03); ProfitLossAttributableToOwnersOfParent 2026-01-01..2026-06-30 = 208.3m (6-K 0001858985-26-000018 filed 2026-08-11); ProfitLossAttributableToOwnersOfParent 2025-01-01..2025-06-30 = 15.8m (6-K 0001858985-26-000018 filed 2026-08-11)
On Holding,"Revenue, latest fiscal year",3014.0,CHF,2025-12-31,"RevenueFromContractsWithCustomers 2025-01-01..2025-12-31 = 3,014.0m (20-F 0001858985-26-000008 filed 2026-03-03)"
On Holding,"Revenue, fiscal year at start of CAGR window",1222.1,CHF,2022-12-31,"RevenueFromContractsWithCustomers 2022-01-01..2022-12-31 = 1,222.1m (20-F 0001858985-25-000003 filed 2025-03-04)"
On Holding,Cash,1205.6,CHF,2026-06-30,"CashAndCashEquivalents = 1,205.6m (6-K 0001858985-26-000018 filed 2026-08-11)"
On Holding,Debt excl. leases,0.0,CHF,2026-06-30,6-K H1 2026 tags Borrowings = 0 (no bank loans or bonds); lease liabilities excluded
On Holding,"Diluted weighted-average class A shares, Q2 2026 (m)",302.0999,shares,2026-04-01..2026-06-30,"ifrs-full:AdjustedWeightedAverageShares, class A (6-K 0001858985-26-000018 filed 2026-08-11)"
On Holding,"Diluted weighted-average class B shares, Q2 2026 (m)",337.8425,shares,2026-04-01..2026-06-30,"same, class B voting shares; each = 1/10 of a class A share economically"
On Holding,"Diluted shares, class A equivalents (m)",335.8841,shares,2026-06-30,class A + class B / 10
On Holding,Lease liabilities (check only),562.5,CHF,2026-06-30,CurrentLeaseLiabilities = 87.9m (6-K 0001858985-26-000018 filed 2026-08-11); NoncurrentLeaseLiabilities = 474.6m (6-K 0001858985-26-000018 filed 2026-08-11)
On Holding,Non-controlling interests,0.0,CHF,2026-06-30,none reported in the 6-K H1 2026 balance sheet
adidas,Net sales FY2025,24811.0,EUR,2025-01-01..2025-12-31,"NON-SEC: adidas Annual Report 2025, https://report.adidas-group.com/2025/en/consolidated-financial-statements/consolidated-income-statement.html, row 'Net sales' (saved as data/raw/competitors/adidas_AR2025_consolidated_income_statement_2026-10-04.html)"
adidas,Net sales H1 2026,13335.0,EUR,2026-01-01..2026-06-30,"NON-SEC: adidas Half Year Report 2026, 'Condensed Consolidated Income Statement (IFRS)', row 'Net sales' (https://res.cloudinary.com/confirmed-web/image/upload/v1785388904/adidas-group/investors/financial-publications/2026/Q2/EN/H1_Report_2026_en_emhpcd.pdf; saved as data/raw/competitors/adidas_H1_Report_2026_EN_2026-10-04.pdf)"
adidas,Net sales H1 2025,12105.0,EUR,2025-01-01..2025-06-30,"NON-SEC: adidas Half Year Report 2026, 'Condensed Consolidated Income Statement (IFRS)', row 'Net sales' (https://res.cloudinary.com/confirmed-web/image/upload/v1785388904/adidas-group/investors/financial-publications/2026/Q2/EN/H1_Report_2026_en_emhpcd.pdf; saved as data/raw/competitors/adidas_H1_Report_2026_EN_2026-10-04.pdf)"
adidas,Net sales FY2024,23683.0,EUR,2024-01-01..2024-12-31,"NON-SEC: adidas Annual Report 2025, https://report.adidas-group.com/2025/en/consolidated-financial-statements/consolidated-income-statement.html, row 'Net sales' (saved as data/raw/competitors/adidas_AR2025_consolidated_income_statement_2026-10-04.html)"
adidas,Net sales H1 2024,11280.0,EUR,2024-01-01..2024-06-30,"NON-SEC: adidas Half Year Report 2025, 'Condensed Consolidated Income Statement (IFRS)', row 'Net sales' (https://res.cloudinary.com/confirmed-web/image/upload/v1753852841/adidas-group/investors/financial-publications/2025/Q2/H1_2025_Report_EN_Final_xvs0k3.pdf; saved as data/raw/competitors/adidas_H1_Report_2025_EN_2026-10-04.pdf)"
adidas,Operating profit FY2025,2056.0,EUR,2025-01-01..2025-12-31,"NON-SEC: adidas Annual Report 2025, https://report.adidas-group.com/2025/en/consolidated-financial-statements/consolidated-income-statement.html, row 'Operating profit' (saved as data/raw/competitors/adidas_AR2025_consolidated_income_statement_2026-10-04.html)"
adidas,Operating profit H1 2026,1279.0,EUR,2026-01-01..2026-06-30,"NON-SEC: adidas Half Year Report 2026, 'Condensed Consolidated Income Statement (IFRS)', row 'Operating profit' (https://res.cloudinary.com/confirmed-web/image/upload/v1785388904/adidas-group/investors/financial-publications/2026/Q2/EN/H1_Report_2026_en_emhpcd.pdf; saved as data/raw/competitors/adidas_H1_Report_2026_EN_2026-10-04.pdf)"
adidas,Operating profit H1 2025,1156.0,EUR,2025-01-01..2025-06-30,"NON-SEC: adidas Half Year Report 2026, 'Condensed Consolidated Income Statement (IFRS)', row 'Operating profit' (https://res.cloudinary.com/confirmed-web/image/upload/v1785388904/adidas-group/investors/financial-publications/2026/Q2/EN/H1_Report_2026_en_emhpcd.pdf; saved as data/raw/competitors/adidas_H1_Report_2026_EN_2026-10-04.pdf)"
adidas,"Depreciation, amortization, and impairment FY2025",1154.0,EUR,2025-01-01..2025-12-31,"NON-SEC: adidas Annual Report 2025, https://report.adidas-group.com/2025/en/consolidated-financial-statements/consolidated-statement-of-cash-flows.html, row 'Depreciation, amortization, and impairment' (saved as data/raw/competitors/adidas_AR2025_consolidated_statement_of_cash_flows_2026-10-04.html)"
adidas,"Depreciation, amortization, and impairment losses H1 2026",568.0,EUR,2026-01-01..2026-06-30,"NON-SEC: adidas Half Year Report 2026, 'Consolidated Statement of Cash Flows (IFRS)', row 'Depreciation, amortization, and impairment losses' (https://res.cloudinary.com/confirmed-web/image/upload/v1785388904/adidas-group/investors/financial-publications/2026/Q2/EN/H1_Report_2026_en_emhpcd.pdf; saved as data/raw/competitors/adidas_H1_Report_2026_EN_2026-10-04.pdf)"
adidas,"Depreciation, amortization, and impairment losses H1 2025",560.0,EUR,2025-01-01..2025-06-30,"NON-SEC: adidas Half Year Report 2026, 'Consolidated Statement of Cash Flows (IFRS)', row 'Depreciation, amortization, and impairment losses' (https://res.cloudinary.com/confirmed-web/image/upload/v1785388904/adidas-group/investors/financial-publications/2026/Q2/EN/H1_Report_2026_en_emhpcd.pdf; saved as data/raw/competitors/adidas_H1_Report_2026_EN_2026-10-04.pdf)"
adidas,"Net income attributable to shareholders, continuing operations FY2025",1332.0,EUR,2025-01-01..2025-12-31,"NON-SEC: adidas Annual Report 2025, https://report.adidas-group.com/2025/en/consolidated-financial-statements/notes/notes-to-the-consolidated-income-statement/earnings-per-share.html, row 'Net income attributable to shareholders' (saved as data/raw/competitors/adidas_AR2025_note_earnings_per_share_2026-10-04.html)"
adidas,"Net income attributable to shareholders, continuing operations H1 2026",848.0,EUR,2026-01-01..2026-06-30,"NON-SEC: adidas Half Year Report 2026, 'Earnings per share', row 'Net income/(loss) attributable to' (https://res.cloudinary.com/confirmed-web/image/upload/v1785388904/adidas-group/investors/financial-publications/2026/Q2/EN/H1_Report_2026_en_emhpcd.pdf; saved as data/raw/competitors/adidas_H1_Report_2026_EN_2026-10-04.pdf)"
adidas,"Net income attributable to shareholders, continuing operations H1 2025",799.0,EUR,2025-01-01..2025-06-30,"NON-SEC: adidas Half Year Report 2026, 'Earnings per share', row 'Net income/(loss) attributable to' (https://res.cloudinary.com/confirmed-web/image/upload/v1785388904/adidas-group/investors/financial-publications/2026/Q2/EN/H1_Report_2026_en_emhpcd.pdf; saved as data/raw/competitors/adidas_H1_Report_2026_EN_2026-10-04.pdf)"
adidas,Right-of-use (lease) depreciation FY2025 (stands in for TTM),639.0,EUR,2025,"NON-SEC: Annual Report 2025, note 'Right-of-use assets', total column (saved as data/raw/competitors/adidas_AR2025_note_right_of_use_assets_2026-10-04.html)"
adidas,Interest expense on lease liabilities FY2025 (stands in for TTM),109.0,EUR,2025-01-01..2025-12-31,"NON-SEC: adidas Annual Report 2025, https://report.adidas-group.com/2025/en/consolidated-financial-statements/notes/notes-to-the-consolidated-income-statement/financial-income-financial-expenses.html, row 'Thereof: interest expense on lease liabilities' (saved as data/raw/competitors/adidas_AR2025_note_financial_income_financial_expenses_2026-10-04.html)"
adidas,Shares outstanding 2026-06-30 (m),175.0629,shares,2026-06-30,"NON-SEC: Half Year Report 2026, key figures, 'Number of shares outstanding' (data/raw/competitors/adidas_H1_Report_2026_EN_2026-10-04.pdf)"
adidas,Dilutive effect of share-based payments H1 2026 (m),0.0078,shares,2026-01-01..2026-06-30,"NON-SEC: Half Year Report 2026, note 05 'Earnings per share'"
adidas,Cash and cash equivalents 2026-06-30,1159.0,EUR,2026-06-30,"NON-SEC: adidas Half Year Report 2026, 'Consolidated Statement of Financial Position (IFRS)', row 'Cash and cash equivalents' (https://res.cloudinary.com/confirmed-web/image/upload/v1785388904/adidas-group/investors/financial-publications/2026/Q2/EN/H1_Report_2026_en_emhpcd.pdf; saved as data/raw/competitors/adidas_H1_Report_2026_EN_2026-10-04.pdf)"
adidas,Short-term borrowings 2026-06-30,560.0,EUR,2026-06-30,"NON-SEC: adidas Half Year Report 2026, 'Consolidated Statement of Financial Position (IFRS)', row 'Short-term borrowings' (https://res.cloudinary.com/confirmed-web/image/upload/v1785388904/adidas-group/investors/financial-publications/2026/Q2/EN/H1_Report_2026_en_emhpcd.pdf; saved as data/raw/competitors/adidas_H1_Report_2026_EN_2026-10-04.pdf)"
adidas,Long-term borrowings 2026-06-30,2489.0,EUR,2026-06-30,"NON-SEC: adidas Half Year Report 2026, 'Consolidated Statement of Financial Position (IFRS)', row 'Long-term borrowings' (https://res.cloudinary.com/confirmed-web/image/upload/v1785388904/adidas-group/investors/financial-publications/2026/Q2/EN/H1_Report_2026_en_emhpcd.pdf; saved as data/raw/competitors/adidas_H1_Report_2026_EN_2026-10-04.pdf)"
adidas,Non-controlling interests (book value) 2026-06-30,395.0,EUR,2026-06-30,"NON-SEC: adidas Half Year Report 2026, 'Consolidated Statement of Financial Position (IFRS)', row 'Non-controlling interests' (https://res.cloudinary.com/confirmed-web/image/upload/v1785388904/adidas-group/investors/financial-publications/2026/Q2/EN/H1_Report_2026_en_emhpcd.pdf; saved as data/raw/competitors/adidas_H1_Report_2026_EN_2026-10-04.pdf)"
adidas,Current lease liabilities 2026-06-30 (check only),618.0,EUR,2026-06-30,"NON-SEC: adidas Half Year Report 2026, 'Consolidated Statement of Financial Position (IFRS)', row 'Current lease liabilities' (https://res.cloudinary.com/confirmed-web/image/upload/v1785388904/adidas-group/investors/financial-publications/2026/Q2/EN/H1_Report_2026_en_emhpcd.pdf; saved as data/raw/competitors/adidas_H1_Report_2026_EN_2026-10-04.pdf)"
adidas,Non-current lease liabilities 2026-06-30 (check only),2311.0,EUR,2026-06-30,"NON-SEC: adidas Half Year Report 2026, 'Consolidated Statement of Financial Position (IFRS)', row 'Non-current lease liabilities' (https://res.cloudinary.com/confirmed-web/image/upload/v1785388904/adidas-group/investors/financial-publications/2026/Q2/EN/H1_Report_2026_en_emhpcd.pdf; saved as data/raw/competitors/adidas_H1_Report_2026_EN_2026-10-04.pdf)"
adidas,Pensions and similar obligations 2026-06-30 (not added; noted only),84.0,EUR,2026-06-30,"NON-SEC: adidas Half Year Report 2026, 'Consolidated Statement of Financial Position (IFRS)', row 'Pensions and similar obligations' (https://res.cloudinary.com/confirmed-web/image/upload/v1785388904/adidas-group/investors/financial-publications/2026/Q2/EN/H1_Report_2026_en_emhpcd.pdf; saved as data/raw/competitors/adidas_H1_Report_2026_EN_2026-10-04.pdf)"
adidas,Net sales 2022 (start of CAGR window),22511.0,EUR,2022,"output/06b_competitors_by_year.csv <- adidas ten-year overview (NON-SEC), continuing operations excl. Reebok"
