area,item,project_value,source_value,source,result
A. Nike annual vs 10-K,FY2017 Revenue (USD m),34350,"Revenues $ 34,350 ",10-K FY2017 (nke_10k_nke-5312017x10k.htm),PASS
A. Nike annual vs 10-K,FY2017 Gross profit (USD m),15312,"Gross profit 15,312",10-K FY2017 (nke_10k_nke-5312017x10k.htm),PASS
A. Nike annual vs 10-K,FY2017 Selling & administrative expense (USD m),10563,"Total selling and administrative expense 10,563",10-K FY2017 (nke_10k_nke-5312017x10k.htm),PASS
A. Nike annual vs 10-K,FY2017 Income before income taxes (USD m),4886,"Income before income taxes 4,886",10-K FY2017 (nke_10k_nke-5312017x10k.htm),PASS
A. Nike annual vs 10-K,FY2017 Income tax expense (USD m),646.0,Income tax expense 646,10-K FY2017 (nke_10k_nke-5312017x10k.htm),PASS
A. Nike annual vs 10-K,FY2017 Net income (USD m),4240,"Net income from continuing operations 4,240",10-K FY2017 (nke_10k_nke-5312017x10k.htm),PASS
A. Nike annual vs 10-K,FY2017 Operating cash flow (USD m),3846,"Cash provided by operations was $4,955 million for fiscal 2018 compared to $3,846 ",10-K FY2018 (nke_10k_nke-5312018x10k.htm),PASS
A. Nike annual vs 10-K,FY2017 Capital expenditures (USD m),1105,"Additions to property, plant and equipment (1,105 )",10-K FY2017 (nke_10k_nke-5312017x10k.htm),PASS
A. Nike annual vs 10-K,"FY2017 Long-term debt, non-current (USD m)",3471,"Long-term debt (2) 3,471",10-K FY2017 (nke_10k_nke-5312017x10k.htm),PASS
A. Nike annual vs 10-K,FY2017 Current portion of long-term debt (USD m),6,,too small to search reliably (0 or under 10),NOT CHECKED
A. Nike annual vs 10-K,FY2017 Notes payable / short-term borrowings (USD m),325.0,"Notes payable, due at mutually agreed-upon dates within one year of issuance or on demand $ 325 ",10-K FY2017 (nke_10k_nke-5312017x10k.htm),PASS
A. Nike annual vs 10-K,FY2017 Shareholders' equity (USD m),12407.0,"Total shareholders’ equity 12,407",10-K FY2017 (nke_10k_nke-5312017x10k.htm),PASS
A. Nike annual vs 10-K,FY2017 Cash and equivalents (USD m),3808,"Cash and equivalents $ 3,808 ",10-K FY2017 (nke_10k_nke-5312017x10k.htm),PASS
A. Nike annual vs 10-K,FY2017 Short-term investments (USD m),2371,"Short-term investments 2,371",10-K FY2017 (nke_10k_nke-5312017x10k.htm),PASS
A. Nike annual vs 10-K,"FY2017 Accounts receivable, net (USD m)",3677.0,"Accounts receivable, net 3,677",10-K FY2017 (nke_10k_nke-5312017x10k.htm),PASS
A. Nike annual vs 10-K,FY2017 Inventories (USD m),5055.0,"Inventories 5,055",10-K FY2017 (nke_10k_nke-5312017x10k.htm),PASS
A. Nike annual vs 10-K,FY2017 Prepaid expenses and other current assets (USD m),1150.0,"Prepaid expenses and other current assets 1,150",10-K FY2017 (nke_10k_nke-5312017x10k.htm),PASS
A. Nike annual vs 10-K,FY2017 Accounts payable (USD m),2048.0,"Accounts payable 2,048",10-K FY2017 (nke_10k_nke-5312017x10k.htm),PASS
A. Nike annual vs 10-K,FY2017 Accrued liabilities (USD m),3011.0,"Accrued liabilities 3,011",10-K FY2017 (nke_10k_nke-5312017x10k.htm),PASS
A. Nike annual vs 10-K,FY2017 Depreciation & amortization (USD millions),706,Depreciation 706,10-K FY2017 (nke_10k_nke-5312017x10k.htm),PASS
A. Nike annual vs 10-K,FY2017 Diluted weighted-average shares (millions),1692.0,Diluted 2.51 2.16 1.85 1.49 1.34 Earnings per common share from discontinued operations: Basic — — — — 0.01 Diluted — — ,10-K FY2017 (nke_10k_nke-5312017x10k.htm),PASS
A. Nike annual vs 10-K,FY2018 Revenue (USD m),36397,"Revenues $ 36,397 ",10-K FY2018 (nke_10k_nke-5312018x10k.htm),PASS
A. Nike annual vs 10-K,FY2018 Gross profit (USD m),15956,"Gross profit 15,956",10-K FY2018 (nke_10k_nke-5312018x10k.htm),PASS
A. Nike annual vs 10-K,FY2018 Selling & administrative expense (USD m),11511,"Total selling and administrative expense 11,511",10-K FY2018 (nke_10k_nke-5312018x10k.htm),PASS
A. Nike annual vs 10-K,FY2018 Income before income taxes (USD m),4325,"Income before income taxes 4,325",10-K FY2018 (nke_10k_nke-5312018x10k.htm),PASS
A. Nike annual vs 10-K,FY2018 Income tax expense (USD m),2392.0,"Income tax expense 2,392",10-K FY2018 (nke_10k_nke-5312018x10k.htm),PASS
A. Nike annual vs 10-K,FY2018 Net income (USD m),1933,"Net income 1,933",10-K FY2018 (nke_10k_nke-5312018x10k.htm),PASS
A. Nike annual vs 10-K,FY2018 Operating cash flow (USD m),4955,"Cash provided by operations was $4,955 ",10-K FY2018 (nke_10k_nke-5312018x10k.htm),PASS
A. Nike annual vs 10-K,FY2018 Capital expenditures (USD m),1028,"Additions to property, plant and equipment (1,028 )",10-K FY2018 (nke_10k_nke-5312018x10k.htm),PASS
A. Nike annual vs 10-K,"FY2018 Long-term debt, non-current (USD m)",3468,"Long-term debt 3,468",10-K FY2018 (nke_10k_nke-5312018x10k.htm),PASS
A. Nike annual vs 10-K,FY2018 Current portion of long-term debt (USD m),6,,too small to search reliably (0 or under 10),NOT CHECKED
A. Nike annual vs 10-K,FY2018 Notes payable / short-term borrowings (USD m),336.0,"Notes payable, due at mutually agreed-upon dates within one year of issuance or on demand $ 336 ",10-K FY2018 (nke_10k_nke-5312018x10k.htm),PASS
A. Nike annual vs 10-K,FY2018 Shareholders' equity (USD m),9812.0,"Total shareholders’ equity 9,812",10-K FY2018 (nke_10k_nke-5312018x10k.htm),PASS
A. Nike annual vs 10-K,FY2018 Cash and equivalents (USD m),4249,"Cash and equivalents $ 4,249 ",10-K FY2018 (nke_10k_nke-5312018x10k.htm),PASS
A. Nike annual vs 10-K,FY2018 Short-term investments (USD m),996,Short-term investments 996,10-K FY2018 (nke_10k_nke-5312018x10k.htm),PASS
A. Nike annual vs 10-K,"FY2018 Accounts receivable, net (USD m)",3498.0,"Accounts receivable, net 3,498",10-K FY2018 (nke_10k_nke-5312018x10k.htm),PASS
A. Nike annual vs 10-K,FY2018 Inventories (USD m),5261.0,"Inventories 5,261",10-K FY2018 (nke_10k_nke-5312018x10k.htm),PASS
A. Nike annual vs 10-K,FY2018 Prepaid expenses and other current assets (USD m),1130.0,"Prepaid expenses and other current assets 1,130",10-K FY2018 (nke_10k_nke-5312018x10k.htm),PASS
A. Nike annual vs 10-K,FY2018 Accounts payable (USD m),2279.0,"Accounts payable 2,279",10-K FY2018 (nke_10k_nke-5312018x10k.htm),PASS
A. Nike annual vs 10-K,FY2018 Accrued liabilities (USD m),3269.0,"Accrued liabilities 3,269",10-K FY2018 (nke_10k_nke-5312018x10k.htm),PASS
A. Nike annual vs 10-K,FY2018 Depreciation & amortization (USD millions),747,Depreciation 747,10-K FY2018 (nke_10k_nke-5312018x10k.htm),PASS
A. Nike annual vs 10-K,FY2018 Diluted weighted-average shares (millions),1659.1,"Diluted 1.17 2.51 2.16 1.85 1.49 Weighted average common shares outstanding 1,623.8 1,657.8 1,697.9 1,723.5 1,766.7 Dilu",10-K FY2018 (nke_10k_nke-5312018x10k.htm),PASS
A. Nike annual vs 10-K,FY2019 Revenue (USD m),39117,"Revenues $ 39,117 ",10-K FY2019 (nke_10k_nke-531201910k.htm),PASS
A. Nike annual vs 10-K,FY2019 Gross profit (USD m),17474,"Gross profit 17,474",10-K FY2019 (nke_10k_nke-531201910k.htm),PASS
A. Nike annual vs 10-K,FY2019 Selling & administrative expense (USD m),12702,"Total selling and administrative expense 12,702",10-K FY2019 (nke_10k_nke-531201910k.htm),PASS
A. Nike annual vs 10-K,FY2019 Income before income taxes (USD m),4801,"Income before income taxes 4,801",10-K FY2019 (nke_10k_nke-531201910k.htm),PASS
A. Nike annual vs 10-K,FY2019 Income tax expense (USD m),772.0,Income tax expense 772,10-K FY2019 (nke_10k_nke-531201910k.htm),PASS
A. Nike annual vs 10-K,FY2019 Net income (USD m),4029,"Net income (1) 4,029",10-K FY2019 (nke_10k_nke-531201910k.htm),PASS
A. Nike annual vs 10-K,FY2019 Operating cash flow (USD m),5903,"Cash provided by operations 5,903",10-K FY2019 (nke_10k_nke-531201910k.htm),PASS
A. Nike annual vs 10-K,FY2019 Capital expenditures (USD m),1119,"Additions to property, plant and equipment (1,119 )",10-K FY2019 (nke_10k_nke-531201910k.htm),PASS
A. Nike annual vs 10-K,"FY2019 Long-term debt, non-current (USD m)",3464,"Long-term debt 3,464",10-K FY2019 (nke_10k_nke-531201910k.htm),PASS
A. Nike annual vs 10-K,FY2019 Current portion of long-term debt (USD m),6,,too small to search reliably (0 or under 10),NOT CHECKED
A. Nike annual vs 10-K,FY2019 Notes payable / short-term borrowings (USD m),9.0,,too small to search reliably (0 or under 10),NOT CHECKED
A. Nike annual vs 10-K,FY2019 Shareholders' equity (USD m),9040.0,"Total shareholders' equity 9,040",10-K FY2019 (nke_10k_nke-531201910k.htm),PASS
A. Nike annual vs 10-K,FY2019 Cash and equivalents (USD m),4466,"Cash and equivalents $ 4,466 ",10-K FY2019 (nke_10k_nke-531201910k.htm),PASS
A. Nike annual vs 10-K,FY2019 Short-term investments (USD m),197,Short-term investments 197,10-K FY2019 (nke_10k_nke-531201910k.htm),PASS
A. Nike annual vs 10-K,"FY2019 Accounts receivable, net (USD m)",4272.0,"Accounts receivable, net 4,272",10-K FY2019 (nke_10k_nke-531201910k.htm),PASS
A. Nike annual vs 10-K,FY2019 Inventories (USD m),5622.0,"Inventories 5,622",10-K FY2019 (nke_10k_nke-531201910k.htm),PASS
A. Nike annual vs 10-K,FY2019 Prepaid expenses and other current assets (USD m),1968.0,"Prepaid expenses and other current assets 1,968",10-K FY2019 (nke_10k_nke-531201910k.htm),PASS
A. Nike annual vs 10-K,FY2019 Accounts payable (USD m),2612.0,"Accounts payable 2,612",10-K FY2019 (nke_10k_nke-531201910k.htm),PASS
A. Nike annual vs 10-K,FY2019 Accrued liabilities (USD m),5010.0,"Accrued liabilities 5,010",10-K FY2019 (nke_10k_nke-531201910k.htm),PASS
A. Nike annual vs 10-K,FY2019 Depreciation & amortization (USD millions),705,Depreciation 705,10-K FY2019 (nke_10k_nke-531201910k.htm),PASS
A. Nike annual vs 10-K,FY2019 Diluted weighted-average shares (millions),1618.4,"Diluted 2.49 1.17 2.51 2.16 1.85 Weighted average common shares outstanding 1,579.7 1,623.8 1,657.8 1,697.9 1,723.5 Dilu",10-K FY2019 (nke_10k_nke-531201910k.htm),PASS
A. Nike annual vs 10-K,FY2020 Revenue (USD m),37403,"Revenues (1) $ 37,403 ",10-K FY2020 (nke_10k_nke-531202010k.htm),PASS
A. Nike annual vs 10-K,FY2020 Gross profit (USD m),16241,"Gross profit 16,241",10-K FY2020 (nke_10k_nke-531202010k.htm),PASS
A. Nike annual vs 10-K,FY2020 Selling & administrative expense (USD m),13126,"Total selling and administrative expense 13,126",10-K FY2020 (nke_10k_nke-531202010k.htm),PASS
A. Nike annual vs 10-K,FY2020 Income before income taxes (USD m),2887,"Income before income taxes 2,887",10-K FY2020 (nke_10k_nke-531202010k.htm),PASS
A. Nike annual vs 10-K,FY2020 Income tax expense (USD m),348.0,Income tax expense (2) 348,10-K FY2020 (nke_10k_nke-531202010k.htm),PASS
A. Nike annual vs 10-K,FY2020 Net income (USD m),2539,"Net income (1)(2) 2,539",10-K FY2020 (nke_10k_nke-531202010k.htm),PASS
A. Nike annual vs 10-K,FY2020 Operating cash flow (USD m),2485,"Cash provided (used) by operations (1) 2,485",10-K FY2020 (nke_10k_nke-531202010k.htm),PASS
A. Nike annual vs 10-K,FY2020 Capital expenditures (USD m),1086,"Additions to property, plant and equipment ( 1,086 )",10-K FY2020 (nke_10k_nke-531202010k.htm),PASS
A. Nike annual vs 10-K,"FY2020 Long-term debt, non-current (USD m)",9406,"Long-term debt (3) 9,406",10-K FY2020 (nke_10k_nke-531202010k.htm),PASS
A. Nike annual vs 10-K,FY2020 Current portion of long-term debt (USD m),3,,too small to search reliably (0 or under 10),NOT CHECKED
A. Nike annual vs 10-K,FY2020 Notes payable / short-term borrowings (USD m),248.0,"Notes payable, due at mutually agreed-upon dates within one year of issuance or on demand $ 248 ",10-K FY2020 (nke_10k_nke-531202010k.htm),PASS
A. Nike annual vs 10-K,FY2020 Shareholders' equity (USD m),8055.0,"Total shareholders' equity 8,055",10-K FY2020 (nke_10k_nke-531202010k.htm),PASS
A. Nike annual vs 10-K,FY2020 Cash and equivalents (USD m),8348,"Cash and equivalents (3) $ 8,348 ",10-K FY2020 (nke_10k_nke-531202010k.htm),PASS
A. Nike annual vs 10-K,FY2020 Short-term investments (USD m),439,Short-term investments 439,10-K FY2020 (nke_10k_nke-531202010k.htm),PASS
A. Nike annual vs 10-K,"FY2020 Accounts receivable, net (USD m)",2749.0,"Accounts receivable, net 2,749",10-K FY2020 (nke_10k_nke-531202010k.htm),PASS
A. Nike annual vs 10-K,FY2020 Inventories (USD m),7367.0,"Inventories (1) 7,367",10-K FY2020 (nke_10k_nke-531202010k.htm),PASS
A. Nike annual vs 10-K,FY2020 Prepaid expenses and other current assets (USD m),1653.0,"Prepaid expenses and other current assets 1,653",10-K FY2020 (nke_10k_nke-531202010k.htm),PASS
A. Nike annual vs 10-K,FY2020 Accounts payable (USD m),2248.0,"Accounts payable 2,248",10-K FY2020 (nke_10k_nke-531202010k.htm),PASS
A. Nike annual vs 10-K,FY2020 Accrued liabilities (USD m),5184.0,"Accrued liabilities 5,184",10-K FY2020 (nke_10k_nke-531202010k.htm),PASS
A. Nike annual vs 10-K,FY2020 Depreciation & amortization (USD millions),721,Depreciation 721,10-K FY2020 (nke_10k_nke-531202010k.htm),PASS
A. Nike annual vs 10-K,FY2020 Diluted weighted-average shares (millions),1591.6,"Diluted 1.60 2.49 1.17 2.51 2.16 Weighted average common shares outstanding 1,558.8 1,579.7 1,623.8 1,657.8 1,697.9 Dilu",10-K FY2020 (nke_10k_nke-531202010k.htm),PASS
A. Nike annual vs 10-K,FY2021 Revenue (USD m),44538,"Revenues $ 44,538 ",10-K FY2021 (nke_10k_nke-20210531.htm),PASS
A. Nike annual vs 10-K,FY2021 Gross profit (USD m),19962,"Gross profit 19,962",10-K FY2021 (nke_10k_nke-20210531.htm),PASS
A. Nike annual vs 10-K,FY2021 Selling & administrative expense (USD m),13025,"Total selling and administrative expense 13,025",10-K FY2021 (nke_10k_nke-20210531.htm),PASS
A. Nike annual vs 10-K,FY2021 Income before income taxes (USD m),6661,"Income before income taxes 6,661",10-K FY2021 (nke_10k_nke-20210531.htm),PASS
A. Nike annual vs 10-K,FY2021 Income tax expense (USD m),934.0,Income tax expense 934,10-K FY2021 (nke_10k_nke-20210531.htm),PASS
A. Nike annual vs 10-K,FY2021 Net income (USD m),5727,"Net income $ 5,727 ",10-K FY2021 (nke_10k_nke-20210531.htm),PASS
A. Nike annual vs 10-K,FY2021 Operating cash flow (USD m),6657,"Cash provided (used) by operations was an inflow of $6,657 ",10-K FY2021 (nke_10k_nke-20210531.htm),PASS
A. Nike annual vs 10-K,FY2021 Capital expenditures (USD m),695,"Additions to property, plant and equipment ( 695 )",10-K FY2021 (nke_10k_nke-20210531.htm),PASS
A. Nike annual vs 10-K,"FY2021 Long-term debt, non-current (USD m)",9413,"Long-term debt $ — $ 3 Notes payable 2 248 Accounts payable 2,836 2,248 Current portion of operating lease liabilities 4",10-K FY2021 (nke_10k_nke-20210531.htm),PASS
A. Nike annual vs 10-K,FY2021 Current portion of long-term debt (USD m),0,,too small to search reliably (0 or under 10),NOT CHECKED
A. Nike annual vs 10-K,FY2021 Notes payable / short-term borrowings (USD m),2.0,,too small to search reliably (0 or under 10),NOT CHECKED
A. Nike annual vs 10-K,FY2021 Shareholders' equity (USD m),12767.0,"Total shareholders' equity 12,767",10-K FY2021 (nke_10k_nke-20210531.htm),PASS
A. Nike annual vs 10-K,FY2021 Cash and equivalents (USD m),9889,"Cash and equivalents $ 9,889 ",10-K FY2021 (nke_10k_nke-20210531.htm),PASS
A. Nike annual vs 10-K,FY2021 Short-term investments (USD m),3587,"Short-term investments 3,587",10-K FY2021 (nke_10k_nke-20210531.htm),PASS
A. Nike annual vs 10-K,"FY2021 Accounts receivable, net (USD m)",4463.0,"Accounts receivable, net 4,463",10-K FY2021 (nke_10k_nke-20210531.htm),PASS
A. Nike annual vs 10-K,FY2021 Inventories (USD m),6854.0,"Inventories 6,854",10-K FY2021 (nke_10k_nke-20210531.htm),PASS
A. Nike annual vs 10-K,FY2021 Prepaid expenses and other current assets (USD m),1498.0,"Prepaid expenses and other current assets 1,498",10-K FY2021 (nke_10k_nke-20210531.htm),PASS
A. Nike annual vs 10-K,FY2021 Accounts payable (USD m),2836.0,"Accounts payable 2,836",10-K FY2021 (nke_10k_nke-20210531.htm),PASS
A. Nike annual vs 10-K,FY2021 Accrued liabilities (USD m),6063.0,"Accrued liabilities 6,063",10-K FY2021 (nke_10k_nke-20210531.htm),PASS
A. Nike annual vs 10-K,FY2021 Depreciation & amortization (USD millions),744,Depreciation 744,10-K FY2021 (nke_10k_nke-20210531.htm),PASS
A. Nike annual vs 10-K,FY2021 Diluted weighted-average shares (millions),1609.4,"Diluted $ 3.56 $ 1.60 $ 2.49 Weighted average common shares outstanding: Basic 1,573.0 1,558.8 1,579.7 Diluted 1,609.4",10-K FY2021 (nke_10k_nke-20210531.htm),PASS
A. Nike annual vs 10-K,FY2022 Revenue (USD m),46710,"Revenues $ 46,710 ",10-K FY2022 (nke_10k_nke-20220531.htm),PASS
A. Nike annual vs 10-K,FY2022 Gross profit (USD m),21479,"Gross profit 21,479",10-K FY2022 (nke_10k_nke-20220531.htm),PASS
A. Nike annual vs 10-K,FY2022 Selling & administrative expense (USD m),14804,"Total selling and administrative expense 14,804",10-K FY2022 (nke_10k_nke-20220531.htm),PASS
A. Nike annual vs 10-K,FY2022 Income before income taxes (USD m),6651,"Income before income taxes 6,651",10-K FY2022 (nke_10k_nke-20220531.htm),PASS
A. Nike annual vs 10-K,FY2022 Income tax expense (USD m),605.0,Income tax expense 605,10-K FY2022 (nke_10k_nke-20220531.htm),PASS
A. Nike annual vs 10-K,FY2022 Net income (USD m),6046,"Net income $ 6,046 ",10-K FY2022 (nke_10k_nke-20220531.htm),PASS
A. Nike annual vs 10-K,FY2022 Operating cash flow (USD m),5188,"Cash provided (used) by operations was an inflow of $5,188 ",10-K FY2022 (nke_10k_nke-20220531.htm),PASS
A. Nike annual vs 10-K,FY2022 Capital expenditures (USD m),758,"Additions to property, plant and equipment ( 758 )",10-K FY2022 (nke_10k_nke-20220531.htm),PASS
A. Nike annual vs 10-K,"FY2022 Long-term debt, non-current (USD m)",8920,"Long-term debt $ 500 $ — Notes payable 10 2 Accounts payable 3,358 2,836 Current portion of operating lease liabilities ",10-K FY2022 (nke_10k_nke-20220531.htm),PASS
A. Nike annual vs 10-K,FY2022 Current portion of long-term debt (USD m),500,Current portion of long-term debt $ 500 ,10-K FY2022 (nke_10k_nke-20220531.htm),PASS
A. Nike annual vs 10-K,FY2022 Notes payable / short-term borrowings (USD m),10.0,"Notes payable, 3) Current portion of operating lease liabilities, 4) Long-term debt and 5) Operating lease liabilities. ",10-K FY2022 (nke_10k_nke-20220531.htm),PASS
A. Nike annual vs 10-K,FY2022 Shareholders' equity (USD m),15281.0,"Total shareholders' equity 15,281",10-K FY2022 (nke_10k_nke-20220531.htm),PASS
A. Nike annual vs 10-K,FY2022 Cash and equivalents (USD m),8574,"Cash and equivalents $ 8,574 ",10-K FY2022 (nke_10k_nke-20220531.htm),PASS
A. Nike annual vs 10-K,FY2022 Short-term investments (USD m),4423,"Short-term investments 4,423",10-K FY2022 (nke_10k_nke-20220531.htm),PASS
A. Nike annual vs 10-K,"FY2022 Accounts receivable, net (USD m)",4667.0,"Accounts receivable, net 4,667",10-K FY2022 (nke_10k_nke-20220531.htm),PASS
A. Nike annual vs 10-K,FY2022 Inventories (USD m),8420.0,"Inventories 8,420",10-K FY2022 (nke_10k_nke-20220531.htm),PASS
A. Nike annual vs 10-K,FY2022 Prepaid expenses and other current assets (USD m),2129.0,"Prepaid expenses and other current assets 2,129",10-K FY2022 (nke_10k_nke-20220531.htm),PASS
A. Nike annual vs 10-K,FY2022 Accounts payable (USD m),3358.0,"Accounts payable 3,358",10-K FY2022 (nke_10k_nke-20220531.htm),PASS
A. Nike annual vs 10-K,FY2022 Accrued liabilities (USD m),6220.0,"Accrued liabilities 6,220",10-K FY2022 (nke_10k_nke-20220531.htm),PASS
A. Nike annual vs 10-K,FY2022 Depreciation & amortization (USD millions),717,Depreciation 717,10-K FY2022 (nke_10k_nke-20220531.htm),PASS
A. Nike annual vs 10-K,FY2022 Diluted weighted-average shares (millions),1610.8,"Diluted $ 3.75 $ 3.56 $ 1.60 Weighted average common shares outstanding: Basic 1,578.8 1,573.0 1,558.8 Diluted 1,610.8",10-K FY2022 (nke_10k_nke-20220531.htm),PASS
A. Nike annual vs 10-K,FY2023 Revenue (USD m),51217,"Revenues. Our EBIT Margin calculation for fiscal 2023 and fiscal 2022 is as follows: YEAR ENDED MAY 31, (Dollars in mill",10-K FY2023 (nke_10k_nke-20230531.htm),PASS
A. Nike annual vs 10-K,FY2023 Gross profit (USD m),22292,"Gross profit 22,292",10-K FY2023 (nke_10k_nke-20230531.htm),PASS
A. Nike annual vs 10-K,FY2023 Selling & administrative expense (USD m),16377,"Total selling and administrative expense 16,377",10-K FY2023 (nke_10k_nke-20230531.htm),PASS
A. Nike annual vs 10-K,FY2023 Income before income taxes (USD m),6201,"Income before income taxes 6,201",10-K FY2023 (nke_10k_nke-20230531.htm),PASS
A. Nike annual vs 10-K,FY2023 Income tax expense (USD m),1131.0,"Income tax expense in the Consolidated Statements of Income. Total NIKE, Inc. EBIT for fiscal 2023 and fiscal 2022 is as",10-K FY2023 (nke_10k_nke-20230531.htm),PASS
A. Nike annual vs 10-K,FY2023 Net income (USD m),5070,"Net income before Interest expense (income), net and Income tax expense in the Consolidated Statements of Income. Total ",10-K FY2023 (nke_10k_nke-20230531.htm),PASS
A. Nike annual vs 10-K,FY2023 Operating cash flow (USD m),5841,"Cash provided (used) by operations was an inflow of $5,841 ",10-K FY2023 (nke_10k_nke-20230531.htm),PASS
A. Nike annual vs 10-K,FY2023 Capital expenditures (USD m),969,"Additions to property, plant and equipment ( 969 )",10-K FY2023 (nke_10k_nke-20230531.htm),PASS
A. Nike annual vs 10-K,"FY2023 Long-term debt, non-current (USD m)",8927,"Long-term debt $ — $ 500 Notes payable 6 10 Accounts payable 2,862 3,358 Current portion of operating lease liabilities ",10-K FY2023 (nke_10k_nke-20230531.htm),PASS
A. Nike annual vs 10-K,FY2023 Current portion of long-term debt (USD m),0,,too small to search reliably (0 or under 10),NOT CHECKED
A. Nike annual vs 10-K,FY2023 Notes payable / short-term borrowings (USD m),6.0,,too small to search reliably (0 or under 10),NOT CHECKED
A. Nike annual vs 10-K,FY2023 Shareholders' equity (USD m),14004.0,"Total shareholders' equity 14,004",10-K FY2023 (nke_10k_nke-20230531.htm),PASS
A. Nike annual vs 10-K,FY2023 Cash and equivalents (USD m),7441,"Cash and equivalents $ 7,441 ",10-K FY2023 (nke_10k_nke-20230531.htm),PASS
A. Nike annual vs 10-K,FY2023 Short-term investments (USD m),3234,"Short-term investments 3,234",10-K FY2023 (nke_10k_nke-20230531.htm),PASS
A. Nike annual vs 10-K,"FY2023 Accounts receivable, net (USD m)",4131.0,"Accounts receivable, net 4,131",10-K FY2023 (nke_10k_nke-20230531.htm),PASS
A. Nike annual vs 10-K,FY2023 Inventories (USD m),8454.0,"Inventories 8,454",10-K FY2023 (nke_10k_nke-20230531.htm),PASS
A. Nike annual vs 10-K,FY2023 Prepaid expenses and other current assets (USD m),1942.0,"Prepaid expenses and other current assets 1,942",10-K FY2023 (nke_10k_nke-20230531.htm),PASS
A. Nike annual vs 10-K,FY2023 Accounts payable (USD m),2862.0,"Accounts payable 2,862",10-K FY2023 (nke_10k_nke-20230531.htm),PASS
A. Nike annual vs 10-K,FY2023 Accrued liabilities (USD m),5723.0,"Accrued liabilities 5,723",10-K FY2023 (nke_10k_nke-20230531.htm),PASS
A. Nike annual vs 10-K,FY2023 Depreciation & amortization (USD millions),703,Depreciation 703,10-K FY2023 (nke_10k_nke-20230531.htm),PASS
A. Nike annual vs 10-K,FY2023 Diluted weighted-average shares (millions),1569.8,"Diluted $ 3.23 $ 3.75 $ 3.56 Weighted average common shares outstanding: Basic 1,551.6 1,578.8 1,573.0 Diluted 1,569.8",10-K FY2023 (nke_10k_nke-20230531.htm),PASS
A. Nike annual vs 10-K,FY2024 Revenue (USD m),51362,"Revenues. Our EBIT Margin calculation for fiscal 2024, 2023 and 2022 are as follows: YEAR ENDED MAY 31, (Dollars in mill",10-K FY2024 (nke_10k_nke-20240531.htm),PASS
A. Nike annual vs 10-K,FY2024 Gross profit (USD m),22887,"Gross profit 22,887",10-K FY2024 (nke_10k_nke-20240531.htm),PASS
A. Nike annual vs 10-K,FY2024 Selling & administrative expense (USD m),16576,"Total selling and administrative expense 16,576",10-K FY2024 (nke_10k_nke-20240531.htm),PASS
A. Nike annual vs 10-K,FY2024 Income before income taxes (USD m),6700,"Income before income taxes 6,700",10-K FY2024 (nke_10k_nke-20240531.htm),PASS
A. Nike annual vs 10-K,FY2024 Income tax expense (USD m),1000.0,"Income tax expense in the Consolidated Statements of Income. Total NIKE, Inc. EBIT for fiscal 2024, 2023 and 2022 are as",10-K FY2024 (nke_10k_nke-20240531.htm),PASS
A. Nike annual vs 10-K,FY2024 Net income (USD m),5700,"Net income before Interest expense (income), net and Income tax expense in the Consolidated Statements of Income. Total ",10-K FY2024 (nke_10k_nke-20240531.htm),PASS
A. Nike annual vs 10-K,FY2024 Operating cash flow (USD m),7429,"Cash provided (used) by operations was an inflow of $7,429 ",10-K FY2024 (nke_10k_nke-20240531.htm),PASS
A. Nike annual vs 10-K,FY2024 Capital expenditures (USD m),812,"Additions to property, plant and equipment ( 812 )",10-K FY2024 (nke_10k_nke-20240531.htm),PASS
A. Nike annual vs 10-K,"FY2024 Long-term debt, non-current (USD m)",7903,"Long-term debt $ 1,000 $ — Notes payable 6 6 Accounts payable 2,851 2,862 Current portion of operating lease liabilities",10-K FY2024 (nke_10k_nke-20240531.htm),PASS
A. Nike annual vs 10-K,FY2024 Current portion of long-term debt (USD m),1000,"Current portion of long-term debt $ 1,000 ",10-K FY2024 (nke_10k_nke-20240531.htm),PASS
A. Nike annual vs 10-K,FY2024 Notes payable / short-term borrowings (USD m),6.0,,too small to search reliably (0 or under 10),NOT CHECKED
A. Nike annual vs 10-K,FY2024 Shareholders' equity (USD m),14430.0,"Total shareholders' equity 14,430",10-K FY2024 (nke_10k_nke-20240531.htm),PASS
A. Nike annual vs 10-K,FY2024 Cash and equivalents (USD m),9860,"Cash and equivalents $ 9,860 ",10-K FY2024 (nke_10k_nke-20240531.htm),PASS
A. Nike annual vs 10-K,FY2024 Short-term investments (USD m),1722,"Short-term investments 1,722",10-K FY2024 (nke_10k_nke-20240531.htm),PASS
A. Nike annual vs 10-K,"FY2024 Accounts receivable, net (USD m)",4427.0,"Accounts receivable, net 4,427",10-K FY2024 (nke_10k_nke-20240531.htm),PASS
A. Nike annual vs 10-K,FY2024 Inventories (USD m),7519.0,"Inventories 7,519",10-K FY2024 (nke_10k_nke-20240531.htm),PASS
A. Nike annual vs 10-K,FY2024 Prepaid expenses and other current assets (USD m),1854.0,"Prepaid expenses and other current assets 1,854",10-K FY2024 (nke_10k_nke-20240531.htm),PASS
A. Nike annual vs 10-K,FY2024 Accounts payable (USD m),2851.0,"Accounts payable 2,851",10-K FY2024 (nke_10k_nke-20240531.htm),PASS
A. Nike annual vs 10-K,FY2024 Accrued liabilities (USD m),5725.0,"Accrued liabilities 5,725",10-K FY2024 (nke_10k_nke-20240531.htm),PASS
A. Nike annual vs 10-K,FY2024 Depreciation & amortization (USD millions),796,Depreciation 796,10-K FY2024 (nke_10k_nke-20240531.htm),PASS
A. Nike annual vs 10-K,FY2024 Diluted weighted-average shares (millions),1529.7,"Diluted $ 3.73 $ 3.23 $ 3.75 Weighted average common shares outstanding: Basic 1,517.6 1,551.6 1,578.8 Diluted 1,529.7",10-K FY2024 (nke_10k_nke-20240531.htm),PASS
A. Nike annual vs 10-K,FY2025 Revenue (USD m),46309,"Revenues. Our EBIT Margin calculation for fiscal 2025, 2024 and 2023 are as follows: YEAR ENDED MAY 31, (Dollars in mill",10-K FY2025 (nke_10k_nke-20250531.htm),PASS
A. Nike annual vs 10-K,FY2025 Gross profit (USD m),19790,"Gross profit 19,790",10-K FY2025 (nke_10k_nke-20250531.htm),PASS
A. Nike annual vs 10-K,FY2025 Selling & administrative expense (USD m),16088,"Total selling and administrative expense 16,088",10-K FY2025 (nke_10k_nke-20250531.htm),PASS
A. Nike annual vs 10-K,FY2025 Income before income taxes (USD m),3885,"Income before income taxes 3,885",10-K FY2025 (nke_10k_nke-20250531.htm),PASS
A. Nike annual vs 10-K,FY2025 Income tax expense (USD m),666.0,"Income tax expense in the Consolidated Statements of Income. Total NIKE, Inc. EBIT for fiscal 2025, 2024 and 2023 are as",10-K FY2025 (nke_10k_nke-20250531.htm),PASS
A. Nike annual vs 10-K,FY2025 Net income (USD m),3219,"Net income before Interest expense (income), net and Income tax expense in the Consolidated Statements of Income. Total ",10-K FY2025 (nke_10k_nke-20250531.htm),PASS
A. Nike annual vs 10-K,FY2025 Operating cash flow (USD m),3698,"Cash provided (used) by operations 3,698",10-K FY2025 (nke_10k_nke-20250531.htm),PASS
A. Nike annual vs 10-K,FY2025 Capital expenditures (USD m),430,"Additions to property, plant and equipment ( 430 )",10-K FY2025 (nke_10k_nke-20250531.htm),PASS
A. Nike annual vs 10-K,"FY2025 Long-term debt, non-current (USD m)",7961,"Long-term debt $ — $ 1,000 Notes payable 5 6 Accounts payable 3,479 2,851 Current portion of operating lease liabilities",10-K FY2025 (nke_10k_nke-20250531.htm),PASS
A. Nike annual vs 10-K,FY2025 Current portion of long-term debt (USD m),0,,too small to search reliably (0 or under 10),NOT CHECKED
A. Nike annual vs 10-K,FY2025 Notes payable / short-term borrowings (USD m),5.0,,too small to search reliably (0 or under 10),NOT CHECKED
A. Nike annual vs 10-K,FY2025 Shareholders' equity (USD m),13213.0,"Total shareholders' equity 13,213",10-K FY2025 (nke_10k_nke-20250531.htm),PASS
A. Nike annual vs 10-K,FY2025 Cash and equivalents (USD m),7464,"Cash and equivalents $ 7,464 ",10-K FY2025 (nke_10k_nke-20250531.htm),PASS
A. Nike annual vs 10-K,FY2025 Short-term investments (USD m),1687,"Short-term investments 1,687",10-K FY2025 (nke_10k_nke-20250531.htm),PASS
A. Nike annual vs 10-K,"FY2025 Accounts receivable, net (USD m)",4717.0,"Accounts receivable, net 4,717",10-K FY2025 (nke_10k_nke-20250531.htm),PASS
A. Nike annual vs 10-K,FY2025 Inventories (USD m),7489.0,"Inventories 7,489",10-K FY2025 (nke_10k_nke-20250531.htm),PASS
A. Nike annual vs 10-K,FY2025 Prepaid expenses and other current assets (USD m),2005.0,"Prepaid expenses and other current assets 2,005",10-K FY2025 (nke_10k_nke-20250531.htm),PASS
A. Nike annual vs 10-K,FY2025 Accounts payable (USD m),3479.0,"Accounts payable 3,479",10-K FY2025 (nke_10k_nke-20250531.htm),PASS
A. Nike annual vs 10-K,FY2025 Accrued liabilities (USD m),5916.0,"Accrued liabilities 6,092 5,916 ",10-K FY2026 (nke_10k_nke-20260531.htm),PASS
A. Nike annual vs 10-K,FY2025 Depreciation & amortization (USD millions),775,Depreciation and amortization 775,10-K FY2025 (nke_10k_nke-20250531.htm),PASS
A. Nike annual vs 10-K,FY2025 Diluted weighted-average shares (millions),1487.6,"Diluted $ 2.16 $ 3.73 $ 3.23 Weighted average common shares outstanding: Basic 1,484.9 1,517.6 1,551.6 Diluted 1,487.6",10-K FY2025 (nke_10k_nke-20250531.htm),PASS
A. Nike annual vs 10-K,FY2026 Revenue (USD m),46398,"Revenues 46,398",10-K FY2026 (nke_10k_nke-20260531.htm),PASS
A. Nike annual vs 10-K,FY2026 Gross profit (USD m),19911,"Gross profit 19,911",10-K FY2026 (nke_10k_nke-20260531.htm),PASS
A. Nike annual vs 10-K,FY2026 Selling & administrative expense (USD m),16114,"Total selling and administrative expense 16,114",10-K FY2026 (nke_10k_nke-20260531.htm),PASS
A. Nike annual vs 10-K,FY2026 Income before income taxes (USD m),3900,"Income before income taxes 3,900",10-K FY2026 (nke_10k_nke-20260531.htm),PASS
A. Nike annual vs 10-K,FY2026 Income tax expense (USD m),792.0,Income tax expense 792,10-K FY2026 (nke_10k_nke-20260531.htm),PASS
A. Nike annual vs 10-K,FY2026 Net income (USD m),3108,"Net income $ 3,108 ",10-K FY2026 (nke_10k_nke-20260531.htm),PASS
A. Nike annual vs 10-K,FY2026 Operating cash flow (USD m),2868,"Cash provided by operations was $2,868 ",10-K FY2026 (nke_10k_nke-20260531.htm),PASS
A. Nike annual vs 10-K,FY2026 Capital expenditures (USD m),684,"Additions to property, plant and equipment ( 684 )",10-K FY2026 (nke_10k_nke-20260531.htm),PASS
A. Nike annual vs 10-K,"FY2026 Long-term debt, non-current (USD m)",5942,"Long-term debt $ 2,000 $ — Accounts payable 3,600 3,479 Current portion of operating lease liabilities 478 502 Accrued l",10-K FY2026 (nke_10k_nke-20260531.htm),PASS
A. Nike annual vs 10-K,FY2026 Current portion of long-term debt (USD m),2000,"Current portion of long-term debt $ 2,000 ",10-K FY2026 (nke_10k_nke-20260531.htm),PASS
A. Nike annual vs 10-K,FY2026 Notes payable / short-term borrowings (USD m),0.0,,too small to search reliably (0 or under 10),NOT CHECKED
A. Nike annual vs 10-K,FY2026 Shareholders' equity (USD m),14865.0,"Total shareholders' equity 14,865",10-K FY2026 (nke_10k_nke-20260531.htm),PASS
A. Nike annual vs 10-K,FY2026 Cash and equivalents (USD m),7563,"Cash and equivalents $ 7,563 ",10-K FY2026 (nke_10k_nke-20260531.htm),PASS
A. Nike annual vs 10-K,FY2026 Short-term investments (USD m),1464,"Short-term investments 1,464",10-K FY2026 (nke_10k_nke-20260531.htm),PASS
A. Nike annual vs 10-K,"FY2026 Accounts receivable, net (USD m)",5931.0,"Accounts receivable, net 5,931",10-K FY2026 (nke_10k_nke-20260531.htm),PASS
A. Nike annual vs 10-K,FY2026 Inventories (USD m),7501.0,"Inventories 7,501",10-K FY2026 (nke_10k_nke-20260531.htm),PASS
A. Nike annual vs 10-K,FY2026 Prepaid expenses and other current assets (USD m),2144.0,"Prepaid expenses and other current assets 2,144",10-K FY2026 (nke_10k_nke-20260531.htm),PASS
A. Nike annual vs 10-K,FY2026 Accounts payable (USD m),3600.0,"Accounts payable 3,600",10-K FY2026 (nke_10k_nke-20260531.htm),PASS
A. Nike annual vs 10-K,FY2026 Accrued liabilities (USD m),6092.0,"Accrued liabilities 6,092",10-K FY2026 (nke_10k_nke-20260531.htm),PASS
A. Nike annual vs 10-K,FY2026 Depreciation & amortization (USD millions),747,Depreciation and amortization 747,10-K FY2026 (nke_10k_nke-20260531.htm),PASS
A. Nike annual vs 10-K,FY2026 Diluted weighted-average shares (millions),1481.0,"Diluted $ 2.10 $ 2.16 $ 3.73 Weighted average common shares outstanding: Basic 1,479.8 1,484.9 1,517.6 Diluted 1,481.0",10-K FY2026 (nke_10k_nke-20260531.htm),PASS
A. Nike annual vs 10-K,FY2017 operating income = gross profit - S&A,4749,4749,recomputed,PASS
A. Nike annual vs 10-K,FY2018 operating income = gross profit - S&A,4445,4445,recomputed,PASS
A. Nike annual vs 10-K,FY2019 operating income = gross profit - S&A,4772,4772,recomputed,PASS
A. Nike annual vs 10-K,FY2020 operating income = gross profit - S&A,3115,3115,recomputed,PASS
A. Nike annual vs 10-K,FY2021 operating income = gross profit - S&A,6937,6937,recomputed,PASS
A. Nike annual vs 10-K,FY2022 operating income = gross profit - S&A,6675,6675,recomputed,PASS
A. Nike annual vs 10-K,FY2023 operating income = gross profit - S&A,5915,5915,recomputed,PASS
A. Nike annual vs 10-K,FY2024 operating income = gross profit - S&A,6311,6311,recomputed,PASS
A. Nike annual vs 10-K,FY2025 operating income = gross profit - S&A,3702,3702,recomputed,PASS
A. Nike annual vs 10-K,FY2026 operating income = gross profit - S&A,3797,3797,recomputed,PASS
B. Nike Q1 FY2027 vs 10-Q,Cash and equivalents (USD m) (script 04),6903.0,"Cash and equivalents $ 6,903 ","10-Q for quarter ended 2026-08-31 (accession 0000320187-26-000193), data/raw/10q/nke_10q_nke-20260831.htm",PASS
B. Nike Q1 FY2027 vs 10-Q,Short-term investments (USD m) (script 04),1465.0,"Short-term investments 1,465","10-Q for quarter ended 2026-08-31 (accession 0000320187-26-000193), data/raw/10q/nke_10q_nke-20260831.htm",PASS
B. Nike Q1 FY2027 vs 10-Q,"Long-term debt, non-current (USD m) (script 04)",5893.0,"Long-term debt $ 2,000 $ 2,000 Accounts payable 3,420 3,600 Current portion of operating lease liabilities 473 478 Accru","10-Q for quarter ended 2026-08-31 (accession 0000320187-26-000193), data/raw/10q/nke_10q_nke-20260831.htm",PASS
B. Nike Q1 FY2027 vs 10-Q,Current portion of long-term debt (USD m) (script 04),2000.0,"Current portion of long-term debt $ 2,000 ","10-Q for quarter ended 2026-08-31 (accession 0000320187-26-000193), data/raw/10q/nke_10q_nke-20260831.htm",PASS
B. Nike Q1 FY2027 vs 10-Q,"Diluted weighted-average shares, latest quarter (millions) (script 04)",1484.2,"Diluted $ 0.48 $ 0.49 Weighted average common shares outstanding: Basic 1,483.6 1,476.6 Diluted 1,484.2","10-Q for quarter ended 2026-08-31 (accession 0000320187-26-000193), data/raw/10q/nke_10q_nke-20260831.htm",PASS
B. Nike Q1 FY2027 vs 10-Q,"Revenues, Q1 FY2027 and Q1 FY2026 (used in script 08's TTM)",,"11,213 / 11,720","10-Q for quarter ended 2026-08-31 (accession 0000320187-26-000193), data/raw/10q/nke_10q_nke-20260831.htm",PASS
B. Nike Q1 FY2027 vs 10-Q,"Gross profit, Q1 FY2027 and Q1 FY2026 (used in script 08's TTM)",,"4,798 / 4,943","10-Q for quarter ended 2026-08-31 (accession 0000320187-26-000193), data/raw/10q/nke_10q_nke-20260831.htm",PASS
B. Nike Q1 FY2027 vs 10-Q,"Total selling and administrative expense, Q1 FY2027 and Q1 FY2026 (used in script 08's TTM)",,"3,910 / 4,016","10-Q for quarter ended 2026-08-31 (accession 0000320187-26-000193), data/raw/10q/nke_10q_nke-20260831.htm",PASS
B. Nike Q1 FY2027 vs 10-Q,"Net income, Q1 FY2027 and Q1 FY2026 (used in script 08's TTM)",,712 / 727,"10-Q for quarter ended 2026-08-31 (accession 0000320187-26-000193), data/raw/10q/nke_10q_nke-20260831.htm",PASS
B. Nike Q1 FY2027 vs 10-Q,"Depreciation and amortization, Q1 FY2027 and Q1 FY2026 (used in script 08's TTM)",,193 / 190,"10-Q for quarter ended 2026-08-31 (accession 0000320187-26-000193), data/raw/10q/nke_10q_nke-20260831.htm",PASS
B. Nike Q1 FY2027 vs 10-Q,"TTM revenue = FY2026 46,398 + Q1 FY27 11,213 - Q1 FY26 11,720",45891.0,45891,10-K FY2026 + 10-Q above,PASS
B. Nike Q1 FY2027 vs 10-Q,"TTM net income = 3,108 + 712 - 727",3093.0,3093,10-K FY2026 + 10-Q above,PASS
B. Nike Q1 FY2027 vs 10-Q,Diluted average shares vs shares outstanding on the 10-Q cover (2026-09-28),1484.2,1485.3,"10-Q for quarter ended 2026-08-31 (accession 0000320187-26-000193), data/raw/10q/nke_10q_nke-20260831.htm; difference should be under 1%",PASS
B. Nike FY2027 guidance vs earnings release,"Revenue 'decline high-single digits' -> -7% to -9%, midpoint used for FY2027",-0.08,-0.08,"8-K 0000320187-26-000184 Ex. 99.1 (2026-10-01), Outlook",PASS
B. Nike FY2027 guidance vs earnings release,Adjusted diluted EPS range $1.15 to $1.35,1.15,1.35,"8-K 0000320187-26-000184 Ex. 99.1 (2026-10-01), Outlook",PASS
B. Nike FY2027 guidance vs earnings release,Tax rate 'mid-20 percent range' read as 25%,0.25,0.25,"8-K 0000320187-26-000184 Ex. 99.1 (2026-10-01), Outlook",PASS
B. Nike FY2027 guidance vs earnings release,FY2027 operating margin = (EPS x shares / (1 - tax) - non-op) / revenue,0.0555,0.05554,"assumptions.py, recomputed",PASS
C. Market inputs,Nike share price 2026-10-02 (USD),33.87,33.87,data/raw/market_data_NKE_GSPC_TNX_yfinance_2026-10-02.csv,PASS
C. Market inputs,Risk-free rate (10-year Treasury) 2026-10-02,0.05277,0.05277,"same file, ^TNX close / 100",PASS
C. Market inputs,"Beta recomputed from output/03_beta_monthly_returns.csv (Nike monthly return on S&P 500 monthly return, 60 months)",1.092,1.092,slope = covariance / variance,PASS
C. Market inputs,"Equity risk premium, Damodaran 2026-09-01, column 'ERP (T12m)'",0.0409,0.0409,data/raw/damodaran/ERPbymonth.xlsx,PASS
C. Market inputs,Lululemon share price 2026-10-02,94.46,94.46,data/raw/peer_prices_fx_yfinance_2026-10-02.csv,PASS
C. Market inputs,Deckers share price 2026-10-02,79.12,79.12,data/raw/peer_prices_fx_yfinance_2026-10-02.csv,PASS
C. Market inputs,On Holding share price 2026-10-02,30.85,30.85,data/raw/peer_prices_fx_yfinance_2026-10-02.csv,PASS
C. Market inputs,Under Armour share price 2026-10-02,4.71,4.71,data/raw/peer_prices_fx_yfinance_2026-10-02.csv,PASS
C. Market inputs,adidas share price 2026-10-02,144.05,144.05,data/raw/peer_prices_fx_yfinance_2026-10-02.csv,PASS
C. Market inputs,EUR/USD rate 2026-10-02,1.125,1.12499,same file,PASS
C. Market inputs,CHF/USD rate 2026-10-02,1.2041,1.20405,same file,PASS
D. Consistency,DCF WACC: Excel (script 05) vs Python (dcf_model.py),0.0907256398166294,0.0907256398166293,output/06_base_case_check.csv,PASS
D. Consistency,"DCF Value per share, base case (USD): Excel (script 05) vs Python (dcf_model.py)",42.1727505103475,42.17275051034753,output/06_base_case_check.csv,PASS
D. Consistency,Nike FY2026 revenue: script 02 vs script 08,46398,46398.0,output/02_historical_metrics.csv vs output/08_peer_inputs.csv,PASS
D. Consistency,Lululemon latest fiscal-year revenue: script 06b vs 08,11102.6,11102.6,output/06b_competitors_by_year.csv vs output/08_peer_inputs.csv (two separate readings of the SEC data),PASS
D. Consistency,Deckers latest fiscal-year revenue: script 06b vs 08,5472.296,5472.3,output/06b_competitors_by_year.csv vs output/08_peer_inputs.csv (two separate readings of the SEC data),PASS
D. Consistency,On Holding latest fiscal-year revenue: script 06b vs 08,3014.0,3014.0,output/06b_competitors_by_year.csv vs output/08_peer_inputs.csv (two separate readings of the SEC data),PASS
D. Consistency,Under Armour latest fiscal-year revenue: script 06b vs 08,4966.37,,not in script 06b (added in 08 only),PASS
D. Consistency,adidas 2025 net sales: ten-year overview (06b) vs income statement (08),24811.0,24811.0,two pages of the adidas Annual Report 2025,PASS
