Scenario,Fiscal year (ends May 31),Revenue growth,Revenue (USD m),Operating margin,Operating income (USD m),NOPAT (USD m),D&A (USD m),Capex (USD m),Operating working capital (USD m),Increase in working capital (USD m),FCFF (USD m),Years from valuation date,Share of year counted,Discount factor,PV of FCFF (USD m)
Bear,2027,-0.08,42686.16,0.0555,2369.08188,1942.6471416000004,725.6647200000001,853.7232000000001,4908.9084,-975.0915999999997,2789.6802616000004,0.6598220396988365,0.75,0.9443097355810217,1975.741672640319
Bear,2028,0.0,42686.16,0.060375,2577.17691,2113.2850662,725.6647200000001,853.7232000000001,4908.9084,0.0,1985.2265862000002,1.6618754277891854,1.0,0.8656084758446202,1718.4289594868007
Bear,2029,0.02,43539.883200000004,0.06525,2840.9773788,2329.6014506160004,740.1780144000002,870.797664,5007.086568000001,98.17816800000037,2100.803633016,2.6611909650924024,1.0,0.7936550662663102,1667.3134465738185
Bear,2030,0.02,44410.680864,0.07012499999999999,3114.298995588,2553.72517638216,754.9815746880001,888.2136172800001,5107.22829936,100.14173135999954,2320.3514024301603,3.6605065023956196,1.0,0.727682759339395,1688.479711157414
Bear,2031,0.02,45298.894481280004,0.075,3397.4170860960003,2785.8820105987206,770.0812061817601,905.9778896256001,5209.372865347201,102.14456598720062,2547.84076116768,4.659822039698836,1.0,0.6671943779441776,1699.90503174809
Base,2027,-0.08,42686.16,0.0555,2369.08188,1942.6471416000004,725.6647200000001,853.7232000000001,4908.9084,-975.0915999999997,2789.6802616000004,0.6598220396988365,0.75,0.9443097355810217,1975.741672640319
Base,2028,0.03,43966.74480000001,0.067875,2984.2428033000006,2447.0790987060004,747.4346616000001,879.3348960000002,5056.175652000001,147.26725200000055,2167.911612306,1.6618754277891854,1.0,0.8656084758446202,1876.5626664940496
Base,2029,0.04,45725.41459200001,0.08025,3669.4645210080007,3008.9609072265607,777.3320480640002,914.5082918400002,5258.422678080001,202.24702608000007,2669.5376373705603,2.6611909650924024,1.0,0.7936550662663102,2118.692070487741
Base,2030,0.04,47554.43117568001,0.092625,4404.729187647361,3611.8779338708364,808.4253299865602,951.0886235136002,5468.759585203201,210.33690712320004,3258.8777332205964,3.6605065023956196,1.0,0.727682759339395,2371.4291412596763
Base,2031,0.04,49456.60842270721,0.105,5192.943884384257,4258.2139851950915,840.7623431860227,989.1321684541443,5687.50996861133,218.75038340812898,3891.093776518841,4.659822039698836,1.0,0.6671943779441776,2596.115891746949
Bull,2027,-0.08,42686.16,0.0555,2369.08188,1942.6471416000004,725.6647200000001,853.7232000000001,4908.9084,-975.0915999999997,2789.6802616000004,0.6598220396988365,0.75,0.9443097355810217,1975.741672640319
Bull,2028,0.05,44820.46800000001,0.072875,3266.2916055000005,2678.3591165100006,761.9479560000002,896.4093600000002,5154.353820000001,245.44542000000092,2298.4522925099996,1.6618754277891854,1.0,0.8656084758446202,1989.559785721154
Bull,2029,0.06,47509.69608000001,0.09025,4287.750071220001,3515.955058400401,807.6648333600002,950.1939216000002,5463.6150492000015,309.26122920000034,3064.164740960401,2.6611909650924024,1.0,0.7936550662663102,2431.8898705378183
Bull,2030,0.06,50360.27784480001,0.107625,5420.024903046601,4444.420420498213,856.1247233616002,1007.2055568960002,5791.431952152001,327.8169029519995,3965.522684011814,3.6605065023956196,1.0,0.727682759339395,2885.6424889246805
Bull,2031,0.05,52878.29173704001,0.125,6609.786467130001,5420.024903046601,898.9309595296802,1057.5658347408003,6081.003549759602,289.5715976076008,4971.8184302278805,4.659822039698836,1.0,0.6671943779441776,3317.169304807288
