ticker,date,close,adj_close,volume
NKE,2026-09-25,35.75,35.75,38246000.0
NKE,2026-09-28,36.38999938964844,36.38999938964844,34518600.0
NKE,2026-09-29,35.84000015258789,35.84000015258789,28960000.0
NKE,2026-09-30,35.400001525878906,35.400001525878906,38151700.0
NKE,2026-10-01,35.150001525878906,35.150001525878906,112413500.0
NKE,2026-10-02,33.869998931884766,33.869998931884766,142567700.0
LULU,2026-09-25,101.30000305175781,101.30000305175781,5195900.0
LULU,2026-09-28,100.58000183105469,100.58000183105469,4602000.0
LULU,2026-09-29,96.87000274658203,96.87000274658203,4550400.0
LULU,2026-09-30,96.19000244140625,96.19000244140625,4132800.0
LULU,2026-10-01,95.86000061035156,95.86000061035156,5506700.0
LULU,2026-10-02,94.45999908447266,94.45999908447266,6081000.0
DECK,2026-09-25,78.66999816894531,78.66999816894531,2550900.0
DECK,2026-09-28,78.36000061035156,78.36000061035156,3359600.0
DECK,2026-09-29,77.68000030517578,77.68000030517578,3599000.0
DECK,2026-09-30,78.13999938964844,78.13999938964844,4194600.0
DECK,2026-10-01,79.56999969482422,79.56999969482422,3017100.0
DECK,2026-10-02,79.12000274658203,79.12000274658203,2708000.0
ONON,2026-09-25,29.959999084472656,29.959999084472656,12744800.0
ONON,2026-09-28,30.0,30.0,7459100.0
ONON,2026-09-29,29.549999237060547,29.549999237060547,8453800.0
ONON,2026-09-30,29.610000610351562,29.610000610351562,9019700.0
ONON,2026-10-01,30.200000762939453,30.200000762939453,11815800.0
ONON,2026-10-02,30.850000381469727,30.850000381469727,12828100.0
UAA,2026-09-25,4.429999828338623,4.429999828338623,9990900.0
UAA,2026-09-28,4.28000020980835,4.28000020980835,12694400.0
UAA,2026-09-29,4.269999980926514,4.269999980926514,8613100.0
UAA,2026-09-30,4.460000038146973,4.460000038146973,11381500.0
UAA,2026-10-01,4.639999866485596,4.639999866485596,16414300.0
UAA,2026-10-02,4.710000038146973,4.710000038146973,13939200.0
UA,2026-09-25,4.369999885559082,4.369999885559082,3326915.0
UA,2026-09-28,4.239999771118164,4.239999771118164,3872157.0
UA,2026-09-29,4.21999979019165,4.21999979019165,2688999.0
UA,2026-09-30,4.349999904632568,4.349999904632568,2553469.0
UA,2026-10-01,4.53000020980835,4.53000020980835,5297353.0
UA,2026-10-02,4.590000152587891,4.590000152587891,3863346.0
ADS.DE,2026-09-25,146.5,146.5,439249.0
ADS.DE,2026-09-28,147.85000610351562,147.85000610351562,373265.0
ADS.DE,2026-09-29,145.75,145.75,326548.0
ADS.DE,2026-09-30,145.3000030517578,145.3000030517578,432728.0
ADS.DE,2026-10-01,142.64999389648438,142.64999389648438,489620.0
ADS.DE,2026-10-02,144.0500030517578,144.0500030517578,578640.0
EURUSD=X,2026-09-25,1.1374752521514893,1.1374752521514893,0.0
EURUSD=X,2026-09-28,1.13779878616333,1.13779878616333,0.0
EURUSD=X,2026-09-29,1.137268304824829,1.137268304824829,0.0
EURUSD=X,2026-09-30,1.134082555770874,1.134082555770874,0.0
EURUSD=X,2026-10-01,1.1327208280563354,1.1327208280563354,0.0
EURUSD=X,2026-10-02,1.124985933303833,1.124985933303833,0.0
CHFUSD=X,2026-09-25,1.2076711654663086,1.2076711654663086,0.0
CHFUSD=X,2026-09-28,1.2052258253097534,1.2052258253097534,0.0
CHFUSD=X,2026-09-29,1.2023277282714844,1.2023277282714844,0.0
CHFUSD=X,2026-09-30,1.198724627494812,1.198724627494812,0.0
CHFUSD=X,2026-10-01,1.196658968925476,1.196658968925476,0.0
CHFUSD=X,2026-10-02,1.2040504217147827,1.2040504217147827,0.0
